ts_id,Store,SKU
0,3301,"_Baltika №0 Can 0,45"
1,3301,"_Baltika №3 Can 0,45"
2,3301,"_Baltika №7 Can 0,45"
3,3301,"_Baltika №7 Bottle 0,47"
4,3301,"_Baltika №9 Can 0,45"
5,3301,"_Don PET 1,42"
6,3302,"_Baltika №0 Can 0,45"
7,3302,"_Baltika №3 Can 0,45"
8,3302,"_Baltika №7 Can 0,45"
9,3302,"_Baltika №7 Bottle 0,47"
10,3302,"_Don PET 1,42"
11,3303,"_Flash Up Energy PET 0,5"
12,3303,"_Tuborg Green Bottle 0,48"
13,3303,"_Zatecky Gus Can 0,45"
14,3303,"_Zatecky Gus Bottle 0,48"
15,3303,"_Baltika №0 Can 0,45"
16,3303,"_Baltika №3 Can 0,45"
17,3303,"_Baltika №7 Can 0,45"
18,3303,"_Baltika №7 Bottle 0,47"
19,3303,"_Baltika №9 Can 0,45"
20,3303,"_Don PET 1,42"
21,3304,"_Zatecky Gus Can 0,45"
22,3304,"_Baltika №0 Can 0,45"
23,3304,"_Baltika №3 Can 0,45"
24,3304,"_Baltika №7 Can 0,45"
25,3304,"_Baltika №7 Bottle 0,47"
26,3304,"_Baltika №9 Can 0,45"
27,3304,"_Don PET 1,42"
28,3305,"_Tuborg Green Bottle 0,48"
29,3305,"_Baltika №0 Can 0,45"
30,3305,"_Baltika №3 Can 0,45"
31,3305,"_Baltika №7 Can 0,45"
32,3305,"_Baltika №7 Bottle 0,47"
33,3305,"_Baltika №9 Can 0,45"
34,3305,"_Don PET 1,42"
35,3306,"_Baltika №0 Can 0,45"
36,3306,"_Baltika №3 Can 0,45"
37,3306,"_Baltika №7 Can 0,45"
38,3306,"_Baltika №9 Can 0,45"
39,3307,"_Baltika №0 Can 0,45"
40,3307,"_Baltika №3 Can 0,45"
41,3307,"_Baltika №7 Can 0,45"
42,3307,"_Baltika №9 Can 0,45"
43,3308,"_Carlsberg Can 0,45"
44,3308,"_Tuborg Green Bottle 0,48"
45,3308,"_Zatecky Gus PET 1,42"
46,3308,"_Baltika №0 Can 0,45"
47,3308,"_Baltika №3 Can 0,45"
48,3308,"_Baltika №7 Can 0,45"
49,3308,"_Baltika №7 Bottle 0,47"
50,3308,"_Baltika №9 Can 0,45"
51,3308,"_Don PET 1,42"
52,3309,"_Baltika №0 Can 0,45"
53,3309,"_Baltika №3 Can 0,45"
54,3309,"_Baltika №7 Can 0,45"
55,3309,"_Baltika №9 Can 0,45"
56,3313,"_Flash Up Energy PET 0,5"
57,3313,"_Tuborg Green Bottle 0,48"
58,3313,"_Baltika №0 Can 0,45"
59,3313,"_Baltika №3 Can 0,45"
60,3313,"_Baltika №7 Can 0,45"
61,3313,"_Baltika №7 Bottle 0,47"
62,3313,"_Baltika №9 Can 0,45"
63,3313,"_Don PET 1,42"
64,3314,"_Carlsberg Can 0,45"
65,3314,"_Tuborg Green Bottle 0,48"
66,3314,"_Zatecky Gus Can 0,45"
67,3314,"_Baltika №0 Can 0,45"
68,3314,"_Baltika №3 Can 0,45"
69,3314,"_Baltika №7 Can 0,45"
70,3314,"_Baltika №9 Can 0,45"
71,3314,"_Don PET 1,42"
72,3315,"_Baltika №0 Can 0,45"
73,3315,"_Baltika №3 Can 0,45"
74,3315,"_Baltika №7 Can 0,45"
75,3315,"_Baltika №7 Bottle 0,47"
76,3315,"_Baltika №9 Can 0,45"
77,3316,"_Baltika №0 Can 0,45"
78,3316,"_Baltika №3 Can 0,45"
79,3316,"_Baltika №7 Can 0,45"
80,3316,"_Baltika №9 Can 0,45"
81,3320,"_Tuborg Green Bottle 0,48"
82,3320,"_Zatecky Gus Can 0,45"
83,3320,"_Zatecky Gus Bottle 0,48"
84,3320,"_Zatecky Gus PET 1,42"
85,3320,"_Baltika №0 Can 0,45"
86,3320,"_Baltika №3 Can 0,45"
87,3320,"_Baltika №7 Can 0,45"
88,3320,"_Baltika №7 Bottle 0,47"
89,3320,"_Baltika №9 Can 0,45"
90,3320,"_Don PET 1,42"
91,3321,"_Baltika №0 Can 0,45"
92,3321,"_Baltika №3 Can 0,45"
93,3321,"_Baltika №7 Can 0,45"
94,3321,"_Baltika №9 Can 0,45"
95,3323,"_Carlsberg Can 0,45"
96,3323,"_Baltika №0 Can 0,45"
97,3323,"_Baltika №3 Can 0,45"
98,3323,"_Baltika №7 Can 0,45"
99,3323,"_Baltika №7 Bottle 0,47"
100,3323,"_Baltika №9 Can 0,45"
101,3323,"_Don PET 1,42"
102,3325,"_Baltika №0 Can 0,45"
103,3325,"_Baltika №3 Can 0,45"
104,3325,"_Baltika №7 Can 0,45"
105,3325,"_Baltika №7 Bottle 0,47"
106,3327,"_Carlsberg Can 0,45"
107,3327,"_Flash Up Energy PET 0,5"
108,3327,"_Tuborg Green Bottle 0,48"
109,3327,"_Zatecky Gus Can 0,45"
110,3327,"_Zatecky Gus Bottle 0,48"
111,3327,"_Baltika №0 Can 0,45"
112,3327,"_Baltika №3 Can 0,45"
113,3327,"_Baltika №7 Can 0,45"
114,3327,"_Baltika №7 Bottle 0,47"
115,3327,"_Baltika №9 Can 0,45"
116,3327,"_Don PET 1,42"
117,3329,"_Baltika №0 Can 0,45"
118,3329,"_Baltika №3 Can 0,45"
119,3329,"_Baltika №7 Can 0,45"
120,3329,"_Baltika №9 Can 0,45"
121,3329,"_Don PET 1,42"
122,3332,"_Baltika №0 Can 0,45"
123,3332,"_Baltika №3 Can 0,45"
124,3332,"_Baltika №7 Can 0,45"
125,3332,"_Baltika №7 Bottle 0,47"
126,3332,"_Baltika №9 Can 0,45"
134,3334,"_Carlsberg Can 0,45"
135,3334,"_Zatecky Gus Can 0,45"
136,3334,"_Baltika №3 Can 0,45"
137,3334,"_Baltika №7 Can 0,45"
138,3334,"_Baltika №7 Bottle 0,47"
139,3334,"_Baltika №9 Can 0,45"
140,3335,"_Carlsberg Can 0,45"
141,3335,"_Tuborg Green Bottle 0,48"
142,3335,"_Baltika №0 Can 0,45"
143,3335,"_Baltika №3 Can 0,45"
144,3335,"_Baltika №7 Can 0,45"
145,3335,"_Baltika №7 Bottle 0,47"
146,3335,"_Baltika №9 Can 0,45"
147,3336,"_Baltika №0 Can 0,45"
148,3336,"_Baltika №3 Can 0,45"
149,3336,"_Baltika №7 Can 0,45"
150,3336,"_Baltika №7 Bottle 0,47"
151,3336,"_Baltika №9 Can 0,45"
152,3336,"_Don PET 1,42"
153,3342,"_Carlsberg Can 0,45"
154,3342,"_Tuborg Green Bottle 0,48"
155,3342,"_Zatecky Gus Can 0,45"
156,3342,"_Baltika №0 Can 0,45"
157,3342,"_Baltika №3 Can 0,45"
158,3342,"_Baltika №7 Can 0,45"
159,3342,"_Baltika №7 Bottle 0,47"
160,3342,"_Baltika №9 Can 0,45"
161,3342,"_Don PET 1,42"
170,3344,"_Carlsberg Can 0,45"
171,3344,"_Tuborg Green Can 0,45"
172,3344,"_Tuborg Green Bottle 0,48"
173,3344,"_Zatecky Gus Can 0,45"
174,3344,"_Zatecky Gus Bottle 0,48"
175,3344,"_Zatecky Gus PET 1,42"
176,3344,"_Baltika №0 Can 0,45"
177,3344,"_Baltika №3 Can 0,45"
178,3344,"_Baltika №7 Can 0,45"
179,3344,"_Baltika №7 Bottle 0,47"
180,3344,"_Baltika №9 Can 0,45"
181,3344,"_Don PET 1,42"
182,3345,"_Carlsberg Can 0,45"
183,3345,"_Baltika №0 Can 0,45"
184,3345,"_Baltika №3 Can 0,45"
185,3345,"_Baltika №7 Can 0,45"
186,3345,"_Baltika №9 Can 0,45"
189,3347,"_Baltika №9 Can 0,45"
190,3347,"_Don PET 1,42"
191,3348,"_Baltika №0 Can 0,45"
192,3348,"_Baltika №3 Can 0,45"
193,3348,"_Baltika №7 Can 0,45"
194,3348,"_Baltika №7 Bottle 0,47"
195,3348,"_Baltika №9 Can 0,45"
196,3350,"_Carlsberg Can 0,45"
197,3350,"_Baltika №0 Can 0,45"
198,3350,"_Baltika №3 Can 0,45"
199,3350,"_Baltika №7 Can 0,45"
200,3350,"_Baltika №7 Bottle 0,47"
201,3350,"_Baltika №9 Can 0,45"
202,3350,"_Don PET 1,42"
203,3351,"_Tuborg Green Bottle 0,48"
204,3351,"_Zatecky Gus PET 1,42"
205,3351,"_Baltika №0 Can 0,45"
206,3351,"_Baltika №3 Can 0,45"
207,3351,"_Baltika №7 Can 0,45"
208,3351,"_Baltika №7 Bottle 0,47"
209,3351,"_Baltika №9 Can 0,45"
210,3351,"_Don PET 1,42"
216,3354,"_Baltika №0 Can 0,45"
217,3354,"_Baltika №3 Can 0,45"
218,3354,"_Baltika №7 Can 0,45"
219,3354,"_Baltika №7 Bottle 0,47"
220,3354,"_Baltika №9 Can 0,45"
221,3355,"_Carlsberg Can 0,45"
222,3355,"_Tuborg Green Bottle 0,48"
223,3355,"_Zatecky Gus Can 0,45"
224,3355,"_Zatecky Gus Bottle 0,48"
225,3355,"_Zatecky Gus PET 1,42"
226,3355,"_Baltika №0 Can 0,45"
227,3355,"_Baltika №3 Can 0,45"
228,3355,"_Baltika №7 Can 0,45"
229,3355,"_Baltika №9 Can 0,45"
230,3355,"_Don PET 1,42"
231,3356,"_Baltika №0 Can 0,45"
232,3356,"_Baltika №3 Can 0,45"
233,3356,"_Baltika №7 Can 0,45"
234,3356,"_Baltika №7 Bottle 0,47"
235,3356,"_Baltika №9 Can 0,45"
236,3358,"_Carlsberg Can 0,45"
237,3358,"_Flash Up Energy PET 0,5"
238,3358,"_Tuborg Green Can 0,45"
239,3358,"_Tuborg Green Bottle 0,48"
240,3358,"_Zatecky Gus Can 0,45"
241,3358,"_Zatecky Gus Bottle 0,48"
242,3358,"_Zatecky Gus PET 1,42"
243,3358,"_Baltika №0 Can 0,45"
244,3358,"_Baltika №3 Can 0,45"
245,3358,"_Baltika №7 Can 0,45"
246,3358,"_Baltika №7 Bottle 0,47"
247,3358,"_Baltika №9 Can 0,45"
248,3358,"_Don PET 1,42"
260,4153,"_Baltika №0 Can 0,45"
261,4153,"_Baltika №3 Can 0,45"
262,4153,"_Baltika №7 Can 0,45"
263,4153,"_Baltika №9 Can 0,45"
264,4328,"_Baltika №0 Can 0,45"
265,4328,"_Baltika №3 Can 0,45"
266,4328,"_Baltika №7 Can 0,45"
267,4328,"_Baltika №9 Can 0,45"
282,4453,"_Baltika №0 Can 0,45"
283,4453,"_Baltika №3 Can 0,45"
284,4453,"_Baltika №7 Can 0,45"
285,4453,"_Baltika №9 Can 0,45"
292,4484,"_Baltika №0 Can 0,45"
293,4484,"_Baltika №3 Can 0,45"
294,4484,"_Baltika №7 Can 0,45"
295,4484,"_Baltika №9 Can 0,45"
296,4485,"_Baltika №0 Can 0,45"
302,4604,"_Carlsberg Can 0,45"
303,4604,"_Flash Up Energy PET 0,5"
304,4604,"_Baltika №0 Can 0,45"
305,4604,"_Baltika №3 Can 0,45"
306,4604,"_Baltika №7 Can 0,45"
307,4604,"_Baltika №7 Bottle 0,47"
308,4604,"_Baltika №9 Can 0,45"
309,4604,"_Don PET 1,42"
310,4668,"_Carlsberg Can 0,45"
311,4668,"_Flash Up Energy PET 0,5"
312,4668,"_Zatecky Gus Can 0,45"
313,4668,"_Baltika №0 Can 0,45"
314,4668,"_Baltika №3 Can 0,45"
315,4668,"_Baltika №7 Can 0,45"
316,4668,"_Baltika №7 Bottle 0,47"
317,4668,"_Baltika №9 Can 0,45"
318,4668,"_Don PET 1,42"
319,4669,"_Baltika №0 Can 0,45"
320,4669,"_Baltika №3 Can 0,45"
321,4669,"_Baltika №7 Can 0,45"
322,4669,"_Baltika №9 Can 0,45"
323,4686,"_Carlsberg Can 0,45"
324,4686,"_Flash Up Energy PET 0,5"
325,4686,"_Tuborg Green Bottle 0,48"
326,4686,"_Baltika №0 Can 0,45"
327,4686,"_Baltika №3 Can 0,45"
328,4686,"_Baltika №7 Can 0,45"
329,4686,"_Baltika №7 Bottle 0,47"
330,4686,"_Baltika №9 Can 0,45"
331,4686,"_Don PET 1,42"
332,4701,"_Baltika №0 Can 0,45"
333,4701,"_Baltika №3 Can 0,45"
334,4701,"_Baltika №7 Can 0,45"
335,4701,"_Baltika №9 Can 0,45"
336,4701,"_Don PET 1,42"
337,4727,"_Carlsberg Can 0,45"
338,4727,"_Tuborg Green Bottle 0,48"
339,4727,"_Zatecky Gus Can 0,45"
340,4727,"_Zatecky Gus Bottle 0,48"
341,4727,"_Baltika №0 Can 0,45"
342,4727,"_Baltika №3 Can 0,45"
343,4727,"_Baltika №7 Can 0,45"
344,4727,"_Baltika №7 Bottle 0,47"
345,4727,"_Baltika №9 Can 0,45"
346,4727,"_Don PET 1,42"
347,4734,"_Carlsberg Can 0,45"
348,4734,"_Tuborg Green Bottle 0,48"
349,4734,"_Baltika №0 Can 0,45"
350,4734,"_Baltika №3 Can 0,45"
351,4734,"_Baltika №7 Can 0,45"
352,4734,"_Baltika №7 Bottle 0,47"
353,4734,"_Baltika №9 Can 0,45"
354,4734,"_Don PET 1,42"
355,4756,"_Baltika №0 Can 0,45"
356,4756,"_Baltika №3 Can 0,45"
357,4756,"_Baltika №7 Can 0,45"
358,4756,"_Baltika №7 Bottle 0,47"
359,4756,"_Baltika №9 Can 0,45"
360,4768,"_Carlsberg Can 0,45"
361,4768,"_Flash Up Energy PET 0,5"
362,4768,"_Zatecky Gus Can 0,45"
363,4768,"_Baltika №0 Can 0,45"
364,4768,"_Baltika №3 Can 0,45"
365,4768,"_Baltika №7 Can 0,45"
366,4768,"_Baltika №9 Can 0,45"
367,4773,"_Carlsberg Can 0,45"
368,4773,"_Flash Up Energy PET 0,5"
369,4773,"_Tuborg Green Can 0,45"
370,4773,"_Tuborg Green Bottle 0,48"
371,4773,"_Zatecky Gus Can 0,45"
372,4773,"_Zatecky Gus Bottle 0,48"
373,4773,"_Baltika №0 Can 0,45"
374,4773,"_Baltika №3 Can 0,45"
375,4773,"_Baltika №7 Can 0,45"
376,4773,"_Baltika №7 Bottle 0,47"
377,4773,"_Baltika №9 Can 0,45"
378,4773,"_Don PET 1,42"
379,4913,"_Carlsberg Can 0,45"
380,4913,"_Tuborg Green Bottle 0,48"
381,4913,"_Baltika №0 Can 0,45"
382,4913,"_Baltika №3 Can 0,45"
383,4913,"_Baltika №7 Can 0,45"
384,4913,"_Baltika №7 Bottle 0,47"
385,4913,"_Baltika №9 Can 0,45"
386,4968,"_Flash Up Energy PET 0,5"
387,4968,"_Baltika №0 Can 0,45"
388,4968,"_Baltika №3 Can 0,45"
389,4968,"_Baltika №7 Can 0,45"
390,4968,"_Baltika №9 Can 0,45"
391,4976,"_Baltika №0 Can 0,45"
392,4976,"_Baltika №3 Can 0,45"
393,4976,"_Baltika №9 Can 0,45"
394,4976,"_Don PET 1,42"
395,4989,"_Carlsberg Can 0,45"
396,4989,"_Flash Up Energy PET 0,5"
397,4989,"_Tuborg Green Can 0,45"
398,4989,"_Tuborg Green Bottle 0,48"
399,4989,"_Zatecky Gus Can 0,45"
400,4989,"_Zatecky Gus Bottle 0,48"
401,4989,"_Zatecky Gus PET 1,42"
402,4989,"_Baltika №0 Can 0,45"
403,4989,"_Baltika №3 Can 0,45"
404,4989,"_Baltika №7 Can 0,45"
405,4989,"_Baltika №7 Bottle 0,47"
406,4989,"_Baltika №9 Can 0,45"
407,4989,"_Don PET 1,42"
408,4989,"_Priazovskoye Bottle 0,47"
409,5301,"_Carlsberg Can 0,45"
410,5301,"_Flash Up Energy PET 0,5"
411,5301,"_Tuborg Green Can 0,45"
412,5301,"_Tuborg Green Bottle 0,48"
413,5301,"_Zatecky Gus Can 0,45"
414,5301,"_Zatecky Gus Bottle 0,48"
415,5301,"_Zatecky Gus PET 1,42"
416,5301,"_Baltika №0 Can 0,45"
417,5301,"_Baltika №3 Can 0,45"
418,5301,"_Baltika №7 Can 0,45"
419,5301,"_Baltika №7 Bottle 0,47"
420,5301,"_Baltika №9 Can 0,45"
421,5301,"_Don PET 1,42"
422,5816,"_Carlsberg Can 0,45"
423,5816,"_Flash Up Energy PET 0,5"
424,5816,"_Tuborg Green Can 0,45"
425,5816,"_Tuborg Green Bottle 0,48"
426,5816,"_Zatecky Gus Can 0,45"
427,5816,"_Zatecky Gus Bottle 0,48"
428,5816,"_Zatecky Gus PET 1,42"
429,5816,"_Baltika №0 Can 0,45"
430,5816,"_Baltika №3 Can 0,45"
431,5816,"_Baltika №7 Can 0,45"
432,5816,"_Baltika №7 Bottle 0,47"
433,5816,"_Baltika №9 Can 0,45"
434,5816,"_Don PET 1,42"
458,5935,"_Carlsberg Can 0,45"
459,5935,"_Flash Up Energy PET 0,5"
460,5935,"_Tuborg Green Can 0,45"
461,5935,"_Tuborg Green Bottle 0,48"
462,5935,"_Zatecky Gus Bottle 0,48"
463,5935,"_Zatecky Gus PET 1,42"
464,5935,"_Baltika №0 Can 0,45"
465,5935,"_Baltika №3 Can 0,45"
466,5935,"_Baltika №7 Can 0,45"
467,5935,"_Baltika №7 Bottle 0,47"
468,5935,"_Baltika №9 Can 0,45"
469,5935,"_Don PET 1,42"
470,5939,"_Zatecky Gus Bottle 0,48"
471,5939,"_Baltika №0 Can 0,45"
472,5939,"_Baltika №3 Can 0,45"
473,5939,"_Baltika №7 Can 0,45"
474,5939,"_Baltika №7 Bottle 0,47"
475,5939,"_Baltika №9 Can 0,45"
476,5940,"_Tuborg Green Bottle 0,48"
477,5940,"_Zatecky Gus Bottle 0,48"
478,5940,"_Baltika №0 Can 0,45"
479,5940,"_Baltika №3 Can 0,45"
480,5940,"_Baltika №7 Can 0,45"
481,5940,"_Baltika №7 Bottle 0,47"
482,5940,"_Baltika №9 Can 0,45"
483,5940,"_Don PET 1,42"
484,5941,"_Baltika №0 Can 0,45"
485,5941,"_Baltika №3 Can 0,45"
486,5941,"_Baltika №7 Can 0,45"
487,5941,"_Baltika №7 Bottle 0,47"
488,5941,"_Baltika №9 Can 0,45"
489,5941,"_Don PET 1,42"
490,5945,"_Baltika №0 Can 0,45"
491,5945,"_Baltika №3 Can 0,45"
492,5945,"_Baltika №7 Can 0,45"
493,5945,"_Baltika №7 Bottle 0,47"
494,5945,"_Baltika №9 Can 0,45"
495,5946,"_Flash Up Energy PET 0,5"
496,5946,"_Tuborg Green Bottle 0,48"
497,5946,"_Zatecky Gus Can 0,45"
498,5946,"_Zatecky Gus Bottle 0,48"
499,5946,"_Baltika №0 Can 0,45"
500,5946,"_Baltika №3 Can 0,45"
501,5946,"_Baltika №7 Can 0,45"
502,5946,"_Baltika №7 Bottle 0,47"
503,5946,"_Baltika №9 Can 0,45"
504,5946,"_Don PET 1,42"
505,5947,"_Baltika №0 Can 0,45"
506,5947,"_Baltika №3 Can 0,45"
507,5947,"_Baltika №7 Can 0,45"
508,5947,"_Baltika №7 Bottle 0,47"
509,5948,"_Baltika №3 Can 0,45"
510,5948,"_Baltika №7 Can 0,45"
511,5948,"_Baltika №9 Can 0,45"
512,5948,"_Don PET 1,42"
513,5949,"_Carlsberg Can 0,45"
514,5949,"_Flash Up Energy PET 0,5"
515,5949,"_Tuborg Green Bottle 0,48"
516,5949,"_Zatecky Gus Can 0,45"
517,5949,"_Zatecky Gus Bottle 0,48"
518,5949,"_Baltika №0 Can 0,45"
519,5949,"_Baltika №3 Can 0,45"
520,5949,"_Baltika №7 Can 0,45"
521,5949,"_Baltika №7 Bottle 0,47"
522,5949,"_Baltika №9 Can 0,45"
523,5949,"_Don PET 1,42"
524,5950,"_Baltika №0 Can 0,45"
525,5950,"_Baltika №3 Can 0,45"
526,5950,"_Baltika №7 Can 0,45"
527,5950,"_Baltika №7 Bottle 0,47"
528,5950,"_Baltika №9 Can 0,45"
529,5950,"_Don PET 1,42"
530,5952,"_Flash Up Energy PET 0,5"
531,5952,"_Tuborg Green Bottle 0,48"
532,5952,"_Zatecky Gus PET 1,42"
533,5952,"_Baltika №0 Can 0,45"
534,5952,"_Baltika №3 Can 0,45"
535,5952,"_Baltika №7 Can 0,45"
536,5952,"_Baltika №7 Bottle 0,47"
537,5952,"_Baltika №9 Can 0,45"
538,5952,"_Don PET 1,42"
539,5953,"_Carlsberg Can 0,45"
540,5953,"_Tuborg Green Can 0,45"
541,5953,"_Tuborg Green Bottle 0,48"
542,5953,"_Zatecky Gus Can 0,45"
543,5953,"_Zatecky Gus Bottle 0,48"
544,5953,"_Zatecky Gus PET 1,42"
545,5953,"_Baltika Cooler Bottle 0,47"
546,5953,"_Baltika №0 Can 0,45"
547,5953,"_Baltika №3 Can 0,45"
548,5953,"_Baltika №7 Can 0,45"
549,5953,"_Baltika №7 Bottle 0,47"
550,5953,"_Baltika №9 Can 0,45"
551,5953,"_Don PET 1,42"
552,5954,"_Flash Up Energy PET 0,5"
553,5954,"_Tuborg Green Bottle 0,48"
554,5954,"_Zatecky Gus Can 0,45"
555,5954,"_Zatecky Gus Bottle 0,48"
556,5954,"_Zatecky Gus PET 1,42"
557,5954,"_Baltika №0 Can 0,45"
558,5954,"_Baltika №3 Can 0,45"
559,5954,"_Baltika №7 Can 0,45"
560,5954,"_Baltika №7 Bottle 0,47"
561,5954,"_Baltika №9 Can 0,45"
562,5954,"_Don PET 1,42"
563,5955,"_Carlsberg Can 0,45"
564,5955,"_Flash Up Energy PET 0,5"
565,5955,"_Tuborg Green Can 0,45"
566,5955,"_Tuborg Green Bottle 0,48"
567,5955,"_Zatecky Gus Can 0,45"
568,5955,"_Zatecky Gus Bottle 0,48"
569,5955,"_Zatecky Gus PET 1,42"
570,5955,"_Baltika №0 Can 0,45"
571,5955,"_Baltika №3 Can 0,45"
572,5955,"_Baltika №7 Can 0,45"
573,5955,"_Baltika №7 Bottle 0,47"
574,5955,"_Baltika №9 Can 0,45"
575,5955,"_Don PET 1,42"
576,5956,"_Carlsberg Can 0,45"
577,5956,"_Flash Up Energy PET 0,5"
578,5956,"_Tuborg Green Can 0,45"
579,5956,"_Tuborg Green Bottle 0,48"
580,5956,"_Zatecky Gus Can 0,45"
581,5956,"_Zatecky Gus Bottle 0,48"
582,5956,"_Zatecky Gus PET 1,42"
583,5956,"_Baltika №0 Can 0,45"
584,5956,"_Baltika №3 Can 0,45"
585,5956,"_Baltika №7 Can 0,45"
586,5956,"_Baltika №7 Bottle 0,47"
587,5956,"_Baltika №9 Can 0,45"
588,5956,"_Don PET 1,42"
589,5957,"_Carlsberg Can 0,45"
590,5957,"_Flash Up Energy PET 0,5"
591,5957,"_Tuborg Green Can 0,45"
592,5957,"_Tuborg Green Bottle 0,48"
593,5957,"_Zatecky Gus Can 0,45"
594,5957,"_Zatecky Gus Bottle 0,48"
595,5957,"_Zatecky Gus PET 1,42"
596,5957,"_Baltika №0 Can 0,45"
597,5957,"_Baltika №3 Can 0,45"
598,5957,"_Baltika №7 Can 0,45"
599,5957,"_Baltika №7 Bottle 0,47"
600,5957,"_Baltika №9 Can 0,45"
601,5957,"_Don PET 1,42"
602,5958,"_Baltika №0 Can 0,45"
603,5958,"_Baltika №3 Can 0,45"
604,5958,"_Baltika №7 Can 0,45"
605,5958,"_Baltika №7 Bottle 0,47"
606,5958,"_Baltika №9 Can 0,45"
607,5959,"_Tuborg Green Bottle 0,48"
608,5959,"_Zatecky Gus Can 0,45"
609,5959,"_Zatecky Gus PET 1,42"
610,5959,"_Baltika №0 Can 0,45"
611,5959,"_Baltika №3 Can 0,45"
612,5959,"_Baltika №7 Can 0,45"
613,5959,"_Baltika №7 Bottle 0,47"
614,5959,"_Baltika №9 Can 0,45"
615,5959,"_Don PET 1,42"
616,6030,"_Carlsberg Can 0,45"
617,6030,"_Tuborg Green Bottle 0,48"
618,6030,"_Zatecky Gus PET 1,42"
619,6030,"_Baltika №0 Can 0,45"
620,6030,"_Baltika №3 Can 0,45"
621,6030,"_Baltika №7 Can 0,45"
622,6030,"_Baltika №7 Bottle 0,47"
623,6030,"_Baltika №9 Can 0,45"
624,6030,"_Don PET 1,42"
625,6031,"_Carlsberg Can 0,45"
626,6031,"_Tuborg Green Bottle 0,48"
627,6031,"_Zatecky Gus Bottle 0,48"
628,6031,"_Baltika №0 Can 0,45"
629,6031,"_Baltika №3 Can 0,45"
630,6031,"_Baltika №7 Can 0,45"
631,6031,"_Baltika №7 Bottle 0,47"
632,6031,"_Baltika №9 Can 0,45"
633,6112,"_Flash Up Energy PET 0,5"
634,6112,"_Tuborg Green Bottle 0,48"
635,6112,"_Baltika №0 Can 0,45"
636,6112,"_Baltika №3 Can 0,45"
637,6112,"_Baltika №7 Can 0,45"
638,6112,"_Baltika №7 Bottle 0,47"
639,6112,"_Baltika №9 Can 0,45"
640,6112,"_Don PET 1,42"
641,6138,"_Baltika №0 Can 0,45"
642,6138,"_Baltika №3 Can 0,45"
643,6138,"_Baltika №7 Can 0,45"
644,6138,"_Baltika №7 Bottle 0,47"
645,6138,"_Baltika №9 Can 0,45"
646,6138,"_Don PET 1,42"
647,6206,"_Baltika №0 Can 0,45"
648,6206,"_Baltika №3 Can 0,45"
649,6206,"_Baltika №7 Can 0,45"
650,6206,"_Baltika №7 Bottle 0,47"
651,6206,"_Baltika №9 Can 0,45"
652,6207,"_Tuborg Green Bottle 0,48"
653,6207,"_Zatecky Gus Bottle 0,48"
654,6207,"_Zatecky Gus PET 1,42"
655,6207,"_Baltika №0 Can 0,45"
656,6207,"_Baltika №3 Can 0,45"
657,6207,"_Baltika №7 Can 0,45"
658,6207,"_Baltika №7 Bottle 0,47"
659,6207,"_Baltika №9 Can 0,45"
660,6207,"_Don PET 1,42"
661,6226,"_Tuborg Green Bottle 0,48"
662,6226,"_Zatecky Gus Can 0,45"
663,6226,"_Baltika №0 Can 0,45"
664,6226,"_Baltika №3 Can 0,45"
665,6226,"_Baltika №7 Can 0,45"
666,6226,"_Baltika №7 Bottle 0,47"
667,6226,"_Baltika №9 Can 0,45"
668,6233,"_Carlsberg Can 0,45"
669,6233,"_Flash Up Energy PET 0,5"
670,6233,"_Tuborg Green Can 0,45"
671,6233,"_Tuborg Green Bottle 0,48"
672,6233,"_Zatecky Gus Can 0,45"
673,6233,"_Zatecky Gus Bottle 0,48"
674,6233,"_Zatecky Gus PET 1,42"
675,6233,"_Baltika Cooler Bottle 0,47"
676,6233,"_Baltika №0 Can 0,45"
677,6233,"_Baltika №3 Can 0,45"
678,6233,"_Baltika №7 Can 0,45"
679,6233,"_Baltika №7 Bottle 0,47"
680,6233,"_Baltika №9 Can 0,45"
681,6233,"_Don PET 1,42"
682,6363,"_Baltika №0 Can 0,45"
687,6364,"_Baltika №0 Can 0,45"
688,6364,"_Baltika №3 Can 0,45"
689,6364,"_Baltika №7 Can 0,45"
690,6364,"_Baltika №7 Bottle 0,47"
691,6364,"_Baltika №9 Can 0,45"
692,6441,"_Flash Up Energy PET 0,5"
693,6441,"_Baltika №3 Can 0,45"
694,6441,"_Baltika №7 Can 0,45"
695,6441,"_Baltika №7 Bottle 0,47"
696,6441,"_Baltika №9 Can 0,45"
697,6441,"_Don PET 1,42"
698,6442,"_Tuborg Green Can 0,45"
699,6442,"_Tuborg Green Bottle 0,48"
700,6442,"_Zatecky Gus Can 0,45"
701,6442,"_Zatecky Gus Bottle 0,48"
702,6442,"_Zatecky Gus PET 1,42"
703,6442,"_Baltika Cooler Bottle 0,47"
704,6442,"_Baltika №0 Can 0,45"
705,6442,"_Baltika №3 Can 0,45"
706,6442,"_Baltika №7 Can 0,45"
707,6442,"_Baltika №7 Bottle 0,47"
708,6442,"_Baltika №9 Can 0,45"
709,6442,"_Don PET 1,42"
710,6444,"_Baltika №0 Can 0,45"
711,6444,"_Baltika №3 Can 0,45"
712,6444,"_Baltika №7 Can 0,45"
713,6444,"_Baltika №7 Bottle 0,47"
714,6444,"_Baltika №9 Can 0,45"
715,6445,"_Baltika №0 Can 0,45"
716,6445,"_Baltika №3 Can 0,45"
717,6445,"_Baltika №7 Can 0,45"
718,6445,"_Baltika №7 Bottle 0,47"
719,6445,"_Baltika №9 Can 0,45"
720,6445,"_Don PET 1,42"
721,6446,"_Baltika №3 Can 0,45"
722,6446,"_Baltika №7 Can 0,45"
723,6446,"_Baltika №7 Bottle 0,47"
724,6446,"_Baltika №9 Can 0,45"
725,6446,"_Don PET 1,42"
726,6447,"_Tuborg Green Bottle 0,48"
727,6447,"_Zatecky Gus Bottle 0,48"
728,6447,"_Baltika №0 Can 0,45"
729,6447,"_Baltika №3 Can 0,45"
730,6447,"_Baltika №7 Can 0,45"
731,6447,"_Baltika №7 Bottle 0,47"
732,6447,"_Baltika №9 Can 0,45"
733,6447,"_Don PET 1,42"
734,6448,"_Carlsberg Can 0,45"
735,6448,"_Baltika №0 Can 0,45"
736,6448,"_Baltika №3 Can 0,45"
737,6448,"_Baltika №7 Can 0,45"
738,6448,"_Baltika №7 Bottle 0,47"
739,6448,"_Baltika №9 Can 0,45"
740,6449,"_Baltika №0 Can 0,45"
741,6449,"_Baltika №3 Can 0,45"
742,6449,"_Baltika №7 Can 0,45"
743,6449,"_Baltika №7 Bottle 0,47"
744,6449,"_Baltika №9 Can 0,45"
745,6449,"_Don PET 1,42"
746,6456,"_Baltika №0 Can 0,45"
747,6456,"_Baltika №3 Can 0,45"
748,6456,"_Baltika №7 Can 0,45"
749,6456,"_Baltika №7 Bottle 0,47"
750,6456,"_Baltika №9 Can 0,45"
751,6462,"_Carlsberg Can 0,45"
752,6462,"_Flash Up Energy PET 0,5"
753,6462,"_Tuborg Green Can 0,45"
754,6462,"_Tuborg Green Bottle 0,48"
755,6462,"_Zatecky Gus Can 0,45"
756,6462,"_Zatecky Gus Bottle 0,48"
757,6462,"_Zatecky Gus PET 1,42"
758,6462,"_Baltika №0 Can 0,45"
759,6462,"_Baltika №3 Can 0,45"
760,6462,"_Baltika №7 Can 0,45"
761,6462,"_Baltika №7 Bottle 0,47"
762,6462,"_Baltika №9 Can 0,45"
763,6462,"_Don PET 1,42"
772,6568,"_Flash Up Energy PET 0,5"
773,6568,"_Tuborg Green Bottle 0,48"
774,6568,"_Zatecky Gus Can 0,45"
775,6568,"_Zatecky Gus Bottle 0,48"
776,6568,"_Zatecky Gus PET 1,42"
777,6568,"_Baltika №0 Can 0,45"
778,6568,"_Baltika №3 Can 0,45"
779,6568,"_Baltika №7 Can 0,45"
780,6568,"_Baltika №7 Bottle 0,47"
781,6568,"_Baltika №9 Can 0,45"
782,6568,"_Don PET 1,42"
783,6569,"_Baltika №3 Can 0,45"
784,6569,"_Baltika №7 Can 0,45"
785,6569,"_Baltika №7 Bottle 0,47"
786,6569,"_Baltika №9 Can 0,45"
787,6569,"_Don PET 1,42"
788,6571,"_Baltika №3 Can 0,45"
789,6571,"_Baltika №7 Can 0,45"
790,6571,"_Baltika №9 Can 0,45"
791,6571,"_Don PET 1,42"
792,6572,"_Carlsberg Can 0,45"
793,6572,"_Tuborg Green Bottle 0,48"
794,6572,"_Zatecky Gus Can 0,45"
795,6572,"_Baltika №0 Can 0,45"
796,6572,"_Baltika №3 Can 0,45"
797,6572,"_Baltika №7 Can 0,45"
798,6572,"_Baltika №7 Bottle 0,47"
799,6572,"_Baltika №9 Can 0,45"
800,6572,"_Don PET 1,42"
801,6573,"_Baltika №0 Can 0,45"
802,6573,"_Baltika №3 Can 0,45"
803,6573,"_Baltika №7 Can 0,45"
804,6573,"_Baltika №7 Bottle 0,47"
805,6573,"_Baltika №9 Can 0,45"
806,6573,"_Don PET 1,42"
807,6580,"_Tuborg Green Can 0,45"
808,6580,"_Tuborg Green Bottle 0,48"
809,6580,"_Zatecky Gus Can 0,45"
810,6580,"_Zatecky Gus Bottle 0,48"
811,6580,"_Zatecky Gus PET 1,42"
812,6580,"_Baltika №0 Can 0,45"
813,6580,"_Baltika №3 Can 0,45"
814,6580,"_Baltika №7 Can 0,45"
815,6580,"_Baltika №7 Bottle 0,47"
816,6580,"_Baltika №9 Can 0,45"
817,6580,"_Don PET 1,42"
818,6581,"_Carlsberg Can 0,45"
819,6581,"_Tuborg Green Can 0,45"
820,6581,"_Tuborg Green Bottle 0,48"
821,6581,"_Zatecky Gus Can 0,45"
822,6581,"_Zatecky Gus Bottle 0,48"
823,6581,"_Zatecky Gus PET 1,42"
824,6581,"_Baltika Cooler Bottle 0,47"
825,6581,"_Baltika №0 Can 0,45"
826,6581,"_Baltika №3 Can 0,45"
827,6581,"_Baltika №7 Can 0,45"
828,6581,"_Baltika №7 Bottle 0,47"
829,6581,"_Baltika №9 Can 0,45"
830,6581,"_Don PET 1,42"
831,6589,"_Tuborg Green Bottle 0,48"
832,6589,"_Zatecky Gus Can 0,45"
833,6589,"_Zatecky Gus Bottle 0,48"
834,6589,"_Zatecky Gus PET 1,42"
835,6589,"_Baltika №0 Can 0,45"
836,6589,"_Baltika №3 Can 0,45"
837,6589,"_Baltika №7 Can 0,45"
838,6589,"_Baltika №7 Bottle 0,47"
839,6589,"_Baltika №9 Can 0,45"
840,6589,"_Don PET 1,42"
841,6591,"_Tuborg Green Bottle 0,48"
842,6591,"_Zatecky Gus Can 0,45"
843,6591,"_Zatecky Gus Bottle 0,48"
844,6591,"_Zatecky Gus PET 1,42"
845,6591,"_Baltika №0 Can 0,45"
846,6591,"_Baltika №3 Can 0,45"
847,6591,"_Baltika №7 Can 0,45"
848,6591,"_Baltika №7 Bottle 0,47"
849,6591,"_Baltika №9 Can 0,45"
850,6591,"_Don PET 1,42"
851,6597,"_Carlsberg Can 0,45"
852,6597,"_Tuborg Green Bottle 0,48"
853,6597,"_Zatecky Gus Bottle 0,48"
854,6597,"_Baltika №0 Can 0,45"
855,6597,"_Baltika №3 Can 0,45"
856,6597,"_Baltika №7 Can 0,45"
857,6597,"_Baltika №7 Bottle 0,47"
858,6597,"_Baltika №9 Can 0,45"
859,6597,"_Don PET 1,42"
860,6610,"_Tuborg Green Bottle 0,48"
861,6610,"_Baltika №0 Can 0,45"
862,6610,"_Baltika №3 Can 0,45"
863,6610,"_Baltika №7 Can 0,45"
864,6610,"_Baltika №7 Bottle 0,47"
865,6610,"_Baltika №9 Can 0,45"
866,6611,"_Carlsberg Can 0,45"
867,6611,"_Flash Up Energy PET 0,5"
868,6611,"_Tuborg Green Can 0,45"
869,6611,"_Tuborg Green Bottle 0,48"
870,6611,"_Zatecky Gus Can 0,45"
871,6611,"_Zatecky Gus Bottle 0,48"
872,6611,"_Zatecky Gus PET 1,42"
873,6611,"_Baltika №0 Can 0,45"
874,6611,"_Baltika №3 Can 0,45"
875,6611,"_Baltika №7 Can 0,45"
876,6611,"_Baltika №7 Bottle 0,47"
877,6611,"_Baltika №9 Can 0,45"
878,6611,"_Don PET 1,42"
879,6616,"_Tuborg Green Bottle 0,48"
880,6616,"_Zatecky Gus Can 0,45"
881,6616,"_Baltika №0 Can 0,45"
882,6616,"_Baltika №3 Can 0,45"
883,6616,"_Baltika №7 Can 0,45"
884,6616,"_Baltika №9 Can 0,45"
885,6620,"_Carlsberg Can 0,45"
886,6620,"_Tuborg Green Bottle 0,48"
887,6620,"_Zatecky Gus PET 1,42"
888,6620,"_Baltika №0 Can 0,45"
889,6620,"_Baltika №3 Can 0,45"
890,6620,"_Baltika №7 Can 0,45"
891,6620,"_Baltika №7 Bottle 0,47"
892,6620,"_Baltika №9 Can 0,45"
893,6620,"_Don PET 1,42"
894,6621,"_Carlsberg Can 0,45"
895,6621,"_Flash Up Energy PET 0,5"
896,6621,"_Tuborg Green Can 0,45"
897,6621,"_Tuborg Green Bottle 0,48"
898,6621,"_Zatecky Gus Can 0,45"
899,6621,"_Zatecky Gus Bottle 0,48"
900,6621,"_Zatecky Gus PET 1,42"
901,6621,"_Baltika №0 Can 0,45"
902,6621,"_Baltika №3 Can 0,45"
903,6621,"_Baltika №7 Can 0,45"
904,6621,"_Baltika №7 Bottle 0,47"
905,6621,"_Baltika №9 Can 0,45"
906,6621,"_Don PET 1,42"
907,6630,"_Flash Up Energy PET 0,5"
908,6630,"_Zatecky Gus Bottle 0,48"
909,6630,"_Baltika №0 Can 0,45"
910,6630,"_Baltika №3 Can 0,45"
911,6630,"_Baltika №7 Can 0,45"
912,6630,"_Baltika №7 Bottle 0,47"
913,6630,"_Baltika №9 Can 0,45"
914,6630,"_Don PET 1,42"
915,6637,"_Carlsberg Can 0,45"
916,6637,"_Tuborg Green Bottle 0,48"
917,6637,"_Zatecky Gus Bottle 0,48"
918,6637,"_Zatecky Gus PET 1,42"
919,6637,"_Baltika №0 Can 0,45"
920,6637,"_Baltika №3 Can 0,45"
921,6637,"_Baltika №7 Can 0,45"
922,6637,"_Baltika №7 Bottle 0,47"
923,6637,"_Baltika №9 Can 0,45"
924,6637,"_Don PET 1,42"
925,6639,"_Tuborg Green Can 0,45"
926,6639,"_Tuborg Green Bottle 0,48"
927,6639,"_Zatecky Gus Can 0,45"
928,6639,"_Zatecky Gus Bottle 0,48"
929,6639,"_Zatecky Gus PET 1,42"
930,6639,"_Baltika №0 Can 0,45"
931,6639,"_Baltika №3 Can 0,45"
932,6639,"_Baltika №7 Can 0,45"
933,6639,"_Baltika №7 Bottle 0,47"
934,6639,"_Baltika №9 Can 0,45"
935,6639,"_Don PET 1,42"
936,6641,"_Carlsberg Can 0,45"
937,6641,"_Flash Up Energy PET 0,5"
938,6641,"_Tuborg Green Bottle 0,48"
939,6641,"_Zatecky Gus Bottle 0,48"
940,6641,"_Zatecky Gus PET 1,42"
941,6641,"_Baltika №0 Can 0,45"
942,6641,"_Baltika №3 Can 0,45"
943,6641,"_Baltika №7 Can 0,45"
944,6641,"_Baltika №7 Bottle 0,47"
945,6641,"_Baltika №9 Can 0,45"
946,6641,"_Don PET 1,42"
947,6642,"_Tuborg Green Bottle 0,48"
948,6642,"_Baltika №0 Can 0,45"
949,6642,"_Baltika №3 Can 0,45"
950,6642,"_Baltika №7 Can 0,45"
951,6642,"_Baltika №9 Can 0,45"
952,6642,"_Don PET 1,42"
953,6644,"_Tuborg Green Can 0,45"
954,6644,"_Tuborg Green Bottle 0,48"
955,6644,"_Zatecky Gus PET 1,42"
956,6644,"_Baltika №0 Can 0,45"
957,6644,"_Baltika №3 Can 0,45"
958,6644,"_Baltika №7 Can 0,45"
959,6644,"_Baltika №7 Bottle 0,47"
960,6644,"_Baltika №9 Can 0,45"
961,6644,"_Don PET 1,42"
962,7270,"_Baltika №0 Can 0,45"
963,7270,"_Baltika №3 Can 0,45"
964,7270,"_Baltika №7 Can 0,45"
965,7270,"_Baltika №7 Bottle 0,47"
966,7270,"_Baltika №9 Can 0,45"
967,7270,"_Don PET 1,42"
968,7280,"_Tuborg Green Bottle 0,48"
969,7280,"_Zatecky Gus PET 1,42"
970,7280,"_Baltika №0 Can 0,45"
971,7280,"_Baltika №3 Can 0,45"
972,7280,"_Baltika №7 Can 0,45"
973,7280,"_Baltika №7 Bottle 0,47"
974,7280,"_Baltika №9 Can 0,45"
975,7280,"_Don PET 1,42"
976,7347,"_Carlsberg Can 0,45"
977,7347,"_Tuborg Green Bottle 0,48"
978,7347,"_Baltika №0 Can 0,45"
979,7347,"_Baltika №3 Can 0,45"
980,7347,"_Baltika №7 Can 0,45"
981,7347,"_Baltika №7 Bottle 0,47"
982,7347,"_Baltika №9 Can 0,45"
983,7510,"_Zatecky Gus PET 1,42"
984,7510,"_Baltika №0 Can 0,45"
985,7510,"_Baltika №3 Can 0,45"
986,7510,"_Baltika №7 Can 0,45"
987,7510,"_Baltika №7 Bottle 0,47"
988,7510,"_Baltika №9 Can 0,45"
989,7510,"_Don PET 1,42"
990,7512,"_Carlsberg Can 0,45"
991,7512,"_Tuborg Green Bottle 0,48"
992,7512,"_Zatecky Gus Bottle 0,48"
993,7512,"_Zatecky Gus PET 1,42"
994,7512,"_Baltika №0 Can 0,45"
995,7512,"_Baltika №3 Can 0,45"
996,7512,"_Baltika №7 Can 0,45"
997,7512,"_Baltika №7 Bottle 0,47"
998,7512,"_Baltika №9 Can 0,45"
999,7512,"_Don PET 1,42"
1000,7513,"_Tuborg Green Can 0,45"
1001,7513,"_Tuborg Green Bottle 0,48"
1002,7513,"_Zatecky Gus Can 0,45"
1003,7513,"_Zatecky Gus Bottle 0,48"
1004,7513,"_Zatecky Gus PET 1,42"
1005,7513,"_Baltika №0 Can 0,45"
1006,7513,"_Baltika №3 Can 0,45"
1007,7513,"_Baltika №7 Can 0,45"
1008,7513,"_Baltika №7 Bottle 0,47"
1009,7513,"_Baltika №9 Can 0,45"
1010,7513,"_Don PET 1,42"
1011,7514,"_Carlsberg Can 0,45"
1012,7514,"_Tuborg Green Can 0,45"
1013,7514,"_Tuborg Green Bottle 0,48"
1014,7514,"_Zatecky Gus Can 0,45"
1015,7514,"_Zatecky Gus Bottle 0,48"
1016,7514,"_Zatecky Gus PET 1,42"
1017,7514,"_Baltika №0 Can 0,45"
1018,7514,"_Baltika №3 Can 0,45"
1019,7514,"_Baltika №7 Can 0,45"
1020,7514,"_Baltika №7 Bottle 0,47"
1021,7514,"_Baltika №9 Can 0,45"
1022,7514,"_Don PET 1,42"
1023,7515,"_Tuborg Green Bottle 0,48"
1024,7515,"_Zatecky Gus Bottle 0,48"
1025,7515,"_Zatecky Gus PET 1,42"
1026,7515,"_Baltika №0 Can 0,45"
1027,7515,"_Baltika №3 Can 0,45"
1028,7515,"_Baltika №7 Can 0,45"
1029,7515,"_Baltika №7 Bottle 0,47"
1030,7515,"_Baltika №9 Can 0,45"
1031,7515,"_Don PET 1,42"
1032,7517,"_Carlsberg Can 0,45"
1033,7517,"_Tuborg Green Can 0,45"
1034,7517,"_Tuborg Green Bottle 0,48"
1035,7517,"_Zatecky Gus Can 0,45"
1036,7517,"_Zatecky Gus Bottle 0,48"
1037,7517,"_Zatecky Gus PET 1,42"
1038,7517,"_Baltika №0 Can 0,45"
1039,7517,"_Baltika №3 Can 0,45"
1040,7517,"_Baltika №7 Can 0,45"
1041,7517,"_Baltika №7 Bottle 0,47"
1042,7517,"_Baltika №9 Can 0,45"
1043,7517,"_Don PET 1,42"
1044,7518,"_Carlsberg Can 0,45"
1045,7518,"_Tuborg Green Can 0,45"
1046,7518,"_Tuborg Green Bottle 0,48"
1047,7518,"_Zatecky Gus Can 0,45"
1048,7518,"_Zatecky Gus Bottle 0,48"
1049,7518,"_Zatecky Gus PET 1,42"
1050,7518,"_Baltika №0 Can 0,45"
1051,7518,"_Baltika №3 Can 0,45"
1052,7518,"_Baltika №7 Can 0,45"
1053,7518,"_Baltika №7 Bottle 0,47"
1054,7518,"_Baltika №9 Can 0,45"
1055,7518,"_Don PET 1,42"
1056,7519,"_Carlsberg Can 0,45"
1057,7519,"_Flash Up Energy PET 0,5"
1058,7519,"_Tuborg Green Can 0,45"
1059,7519,"_Tuborg Green Bottle 0,48"
1060,7519,"_Zatecky Gus Can 0,45"
1061,7519,"_Zatecky Gus Bottle 0,48"
1062,7519,"_Zatecky Gus PET 1,42"
1063,7519,"_Baltika №0 Can 0,45"
1064,7519,"_Baltika №3 Can 0,45"
1065,7519,"_Baltika №7 Can 0,45"
1066,7519,"_Baltika №7 Bottle 0,47"
1067,7519,"_Baltika №9 Can 0,45"
1068,7519,"_Don PET 1,42"
1069,7520,"_Carlsberg Can 0,45"
1070,7520,"_Tuborg Green Bottle 0,48"
1071,7520,"_Zatecky Gus Bottle 0,48"
1072,7520,"_Baltika №0 Can 0,45"
1073,7520,"_Baltika №3 Can 0,45"
1074,7520,"_Baltika №7 Can 0,45"
1075,7520,"_Baltika №7 Bottle 0,47"
1076,7520,"_Baltika №9 Can 0,45"
1077,7520,"_Don PET 1,42"
1078,7523,"_Tuborg Green Bottle 0,48"
1079,7523,"_Baltika №0 Can 0,45"
1080,7523,"_Baltika №3 Can 0,45"
1081,7523,"_Baltika №7 Can 0,45"
1082,7523,"_Baltika №7 Bottle 0,47"
1083,7523,"_Baltika №9 Can 0,45"
1084,7524,"_Tuborg Green Can 0,45"
1085,7524,"_Tuborg Green Bottle 0,48"
1086,7524,"_Zatecky Gus Can 0,45"
1087,7524,"_Zatecky Gus Bottle 0,48"
1088,7524,"_Zatecky Gus PET 1,42"
1089,7524,"_Baltika №0 Can 0,45"
1090,7524,"_Baltika №3 Can 0,45"
1091,7524,"_Baltika №7 Can 0,45"
1092,7524,"_Baltika №7 Bottle 0,47"
1093,7524,"_Baltika №9 Can 0,45"
1094,7571,"_Baltika №0 Can 0,45"
1095,7571,"_Baltika №3 Can 0,45"
1096,7571,"_Baltika №7 Can 0,45"
1097,7571,"_Baltika №9 Can 0,45"
1098,7571,"_Don PET 1,42"
1099,7593,"_Zatecky Gus PET 1,42"
1100,7593,"_Baltika №0 Can 0,45"
1101,7593,"_Baltika №3 Can 0,45"
1102,7593,"_Baltika №7 Can 0,45"
1103,7593,"_Baltika №9 Can 0,45"
1104,7593,"_Don PET 1,42"
1105,7594,"_Tuborg Green Bottle 0,48"
1106,7594,"_Baltika №0 Can 0,45"
1107,7594,"_Baltika №3 Can 0,45"
1108,7594,"_Baltika №7 Can 0,45"
1109,7594,"_Baltika №7 Bottle 0,47"
1110,7594,"_Baltika №9 Can 0,45"
1111,7610,"_Carlsberg Can 0,45"
1112,7610,"_Tuborg Green Bottle 0,48"
1113,7610,"_Zatecky Gus Bottle 0,48"
1114,7610,"_Zatecky Gus PET 1,42"
1115,7610,"_Baltika №0 Can 0,45"
1116,7610,"_Baltika №3 Can 0,45"
1117,7610,"_Baltika №7 Can 0,45"
1118,7610,"_Baltika №7 Bottle 0,47"
1119,7610,"_Baltika №9 Can 0,45"
1120,7610,"_Don PET 1,42"
1121,7639,"_Tuborg Green Bottle 0,48"
1122,7639,"_Zatecky Gus Bottle 0,48"
1123,7639,"_Zatecky Gus PET 1,42"
1124,7639,"_Baltika №0 Can 0,45"
1125,7639,"_Baltika №3 Can 0,45"
1126,7639,"_Baltika №7 Can 0,45"
1127,7639,"_Baltika №7 Bottle 0,47"
1128,7639,"_Baltika №9 Can 0,45"
1129,7639,"_Don PET 1,42"
1130,7713,"_Tuborg Green Bottle 0,48"
1131,7713,"_Zatecky Gus Can 0,45"
1132,7713,"_Zatecky Gus Bottle 0,48"
1133,7713,"_Zatecky Gus PET 1,42"
1134,7713,"_Baltika №0 Can 0,45"
1135,7713,"_Baltika №3 Can 0,45"
1136,7713,"_Baltika №7 Can 0,45"
1137,7713,"_Baltika №7 Bottle 0,47"
1138,7713,"_Baltika №9 Can 0,45"
1139,7714,"_Carlsberg Can 0,45"
1140,7714,"_Tuborg Green Can 0,45"
1141,7714,"_Tuborg Green Bottle 0,48"
1142,7714,"_Zatecky Gus Can 0,45"
1143,7714,"_Zatecky Gus Bottle 0,48"
1144,7714,"_Zatecky Gus PET 1,42"
1145,7714,"_Baltika №0 Can 0,45"
1146,7714,"_Baltika №3 Can 0,45"
1147,7714,"_Baltika №7 Can 0,45"
1148,7714,"_Baltika №7 Bottle 0,47"
1149,7714,"_Baltika №9 Can 0,45"
1150,7714,"_Don PET 1,42"
1151,7756,"_Tuborg Green Bottle 0,48"
1152,7756,"_Zatecky Gus Can 0,45"
1153,7756,"_Zatecky Gus Bottle 0,48"
1154,7756,"_Baltika №0 Can 0,45"
1155,7756,"_Baltika №3 Can 0,45"
1156,7756,"_Baltika №7 Can 0,45"
1157,7756,"_Baltika №7 Bottle 0,47"
1158,7756,"_Baltika №9 Can 0,45"
1159,7756,"_Don PET 1,42"
1160,7884,"_Flash Up Energy PET 0,5"
1161,7884,"_Tuborg Green Bottle 0,48"
1162,7884,"_Zatecky Gus Bottle 0,48"
1163,7884,"_Baltika №0 Can 0,45"
1164,7884,"_Baltika №3 Can 0,45"
1165,7884,"_Baltika №7 Can 0,45"
1166,7884,"_Baltika №7 Bottle 0,47"
1167,7884,"_Baltika №9 Can 0,45"
1168,7884,"_Don PET 1,42"
1169,7885,"_Tuborg Green Bottle 0,48"
1170,7885,"_Baltika №0 Can 0,45"
1171,7885,"_Baltika №3 Can 0,45"
1172,7885,"_Baltika №7 Can 0,45"
1173,7885,"_Baltika №7 Bottle 0,47"
1174,7885,"_Baltika №9 Can 0,45"
1175,7913,"_Flash Up Energy PET 0,5"
1176,7913,"_Tuborg Green Bottle 0,48"
1177,7913,"_Zatecky Gus Bottle 0,48"
1178,7913,"_Zatecky Gus PET 1,42"
1179,7913,"_Baltika №0 Can 0,45"
1180,7913,"_Baltika №3 Can 0,45"
1181,7913,"_Baltika №7 Can 0,45"
1182,7913,"_Baltika №7 Bottle 0,47"
1183,7913,"_Baltika №9 Can 0,45"
1184,7913,"_Don PET 1,42"
1185,7926,"_Baltika №0 Can 0,45"
1186,7926,"_Baltika №3 Can 0,45"
1187,7926,"_Baltika №7 Can 0,45"
1188,7926,"_Baltika №7 Bottle 0,47"
1189,7926,"_Baltika №9 Can 0,45"
1195,7969,"_Tuborg Green Bottle 0,48"
1196,7969,"_Zatecky Gus PET 1,42"
1197,7969,"_Baltika №0 Can 0,45"
1198,7969,"_Baltika №3 Can 0,45"
1199,7969,"_Baltika №7 Can 0,45"
1200,7969,"_Baltika №7 Bottle 0,47"
1201,7969,"_Baltika №9 Can 0,45"
1202,7969,"_Don PET 1,42"
1203,7972,"_Zatecky Gus PET 1,42"
1204,7972,"_Baltika №0 Can 0,45"
1205,7972,"_Baltika №3 Can 0,45"
1206,7972,"_Baltika №7 Can 0,45"
1207,7972,"_Baltika №7 Bottle 0,47"
1208,7972,"_Baltika №9 Can 0,45"
1209,7973,"_Baltika №0 Can 0,45"
1210,7973,"_Baltika №3 Can 0,45"
1211,7973,"_Baltika №7 Can 0,45"
1212,7973,"_Baltika №9 Can 0,45"
1213,7973,"_Don PET 1,42"
1214,7974,"_Tuborg Green Bottle 0,48"
1215,7974,"_Zatecky Gus Bottle 0,48"
1216,7974,"_Zatecky Gus PET 1,42"
1217,7974,"_Baltika №0 Can 0,45"
1218,7974,"_Baltika №3 Can 0,45"
1219,7974,"_Baltika №7 Can 0,45"
1220,7974,"_Baltika №7 Bottle 0,47"
1221,7974,"_Baltika №9 Can 0,45"
1222,7974,"_Don PET 1,42"
1223,7976,"_Carlsberg Can 0,45"
1224,7976,"_Tuborg Green Can 0,45"
1225,7976,"_Tuborg Green Bottle 0,48"
1226,7976,"_Zatecky Gus Can 0,45"
1227,7976,"_Zatecky Gus Bottle 0,48"
1228,7976,"_Zatecky Gus PET 1,42"
1229,7976,"_Baltika №0 Can 0,45"
1230,7976,"_Baltika №3 Can 0,45"
1231,7976,"_Baltika №7 Can 0,45"
1232,7976,"_Baltika №7 Bottle 0,47"
1233,7976,"_Baltika №9 Can 0,45"
1234,7976,"_Don PET 1,42"
1235,7977,"_Tuborg Green Can 0,45"
1236,7977,"_Tuborg Green Bottle 0,48"
1237,7977,"_Zatecky Gus Can 0,45"
1238,7977,"_Baltika №0 Can 0,45"
1239,7977,"_Baltika №3 Can 0,45"
1240,7977,"_Baltika №7 Can 0,45"
1241,7977,"_Baltika №7 Bottle 0,47"
1242,7977,"_Baltika №9 Can 0,45"
1243,7977,"_Don PET 1,42"
1244,7978,"_Tuborg Green Bottle 0,48"
1245,7978,"_Zatecky Gus Can 0,45"
1246,7978,"_Zatecky Gus Bottle 0,48"
1247,7978,"_Zatecky Gus PET 1,42"
1248,7978,"_Baltika Cooler Bottle 0,47"
1249,7978,"_Baltika №0 Can 0,45"
1250,7978,"_Baltika №3 Can 0,45"
1251,7978,"_Baltika №7 Can 0,45"
1252,7978,"_Baltika №7 Bottle 0,47"
1253,7978,"_Baltika №9 Can 0,45"
1254,7978,"_Don PET 1,42"
1255,7979,"_Carlsberg Can 0,45"
1256,7979,"_Flash Up Energy PET 0,5"
1257,7979,"_Tuborg Green Can 0,45"
1258,7979,"_Tuborg Green Bottle 0,48"
1259,7979,"_Zatecky Gus Can 0,45"
1260,7979,"_Zatecky Gus Bottle 0,48"
1261,7979,"_Zatecky Gus PET 1,42"
1262,7979,"_Baltika Draught PET 0,47"
1263,7979,"_Baltika №0 Can 0,45"
1264,7979,"_Baltika №3 Can 0,45"
1265,7979,"_Baltika №7 Can 0,45"
1266,7979,"_Baltika №7 Bottle 0,47"
1267,7979,"_Baltika №9 Can 0,45"
1268,7979,"_Don PET 1,42"
1269,7980,"_Baltika №0 Can 0,45"
1270,7980,"_Baltika №3 Can 0,45"
1271,7980,"_Baltika №7 Can 0,45"
1272,7980,"_Baltika №7 Bottle 0,47"
1273,7980,"_Baltika №9 Can 0,45"
1274,7980,"_Don PET 1,42"
1275,7982,"_Carlsberg Can 0,45"
1276,7982,"_Tuborg Green Bottle 0,48"
1277,7982,"_Zatecky Gus Can 0,45"
1278,7982,"_Zatecky Gus Bottle 0,48"
1279,7982,"_Baltika №0 Can 0,45"
1280,7982,"_Baltika №3 Can 0,45"
1281,7982,"_Baltika №7 Can 0,45"
1282,7982,"_Baltika №7 Bottle 0,47"
1283,7982,"_Baltika №9 Can 0,45"
1284,7983,"_Carlsberg Can 0,45"
1285,7983,"_Tuborg Green Bottle 0,48"
1286,7983,"_Zatecky Gus Can 0,45"
1287,7983,"_Zatecky Gus Bottle 0,48"
1288,7983,"_Zatecky Gus PET 1,42"
1289,7983,"_Baltika №0 Can 0,45"
1290,7983,"_Baltika №3 Can 0,45"
1291,7983,"_Baltika №7 Can 0,45"
1292,7983,"_Baltika №7 Bottle 0,47"
1293,7983,"_Baltika №9 Can 0,45"
1294,7983,"_Don PET 1,42"
1295,7984,"_Carlsberg Can 0,45"
1296,7984,"_Flash Up Energy PET 0,5"
1297,7984,"_Tuborg Green Can 0,45"
1298,7984,"_Tuborg Green Bottle 0,48"
1299,7984,"_Zatecky Gus Can 0,45"
1300,7984,"_Zatecky Gus Bottle 0,48"
1301,7984,"_Zatecky Gus PET 1,42"
1302,7984,"_Baltika №0 Can 0,45"
1303,7984,"_Baltika №3 Can 0,45"
1304,7984,"_Baltika №7 Can 0,45"
1305,7984,"_Baltika №7 Bottle 0,47"
1306,7984,"_Baltika №9 Can 0,45"
1307,7984,"_Don PET 1,42"
1308,7985,"_Baltika №0 Can 0,45"
1309,7985,"_Baltika №3 Can 0,45"
1310,7985,"_Baltika №7 Can 0,45"
1311,7985,"_Baltika №7 Bottle 0,47"
1312,7985,"_Baltika №9 Can 0,45"
1313,7986,"_Carlsberg Can 0,45"
1314,7986,"_Tuborg Green Bottle 0,48"
1315,7986,"_Zatecky Gus Can 0,45"
1316,7986,"_Zatecky Gus Bottle 0,48"
1317,7986,"_Zatecky Gus PET 1,42"
1318,7986,"_Baltika №0 Can 0,45"
1319,7986,"_Baltika №3 Can 0,45"
1320,7986,"_Baltika №7 Can 0,45"
1321,7986,"_Baltika №7 Bottle 0,47"
1322,7986,"_Baltika №9 Can 0,45"
1323,7997,"_Tuborg Green Bottle 0,48"
1324,7997,"_Zatecky Gus PET 1,42"
1325,7997,"_Baltika №0 Can 0,45"
1326,7997,"_Baltika №3 Can 0,45"
1327,7997,"_Baltika №7 Can 0,45"
1328,7997,"_Baltika №7 Bottle 0,47"
1329,7997,"_Baltika №9 Can 0,45"
1330,7997,"_Don PET 1,42"
1331,7999,"_Tuborg Green Bottle 0,48"
1332,7999,"_Baltika №0 Can 0,45"
1333,7999,"_Baltika №3 Can 0,45"
1334,7999,"_Baltika №7 Can 0,45"
1335,7999,"_Baltika №7 Bottle 0,47"
1336,7999,"_Baltika №9 Can 0,45"
1337,7999,"_Don PET 1,42"
1338,8021,"_Baltika №0 Can 0,45"
1339,8021,"_Baltika №3 Can 0,45"
1340,8021,"_Baltika №7 Can 0,45"
1341,8021,"_Baltika №7 Bottle 0,47"
1342,8021,"_Baltika №9 Can 0,45"
1343,8021,"_Don PET 1,42"
1344,8058,"_Zatecky Gus PET 1,42"
1345,8058,"_Baltika №0 Can 0,45"
1346,8058,"_Baltika №3 Can 0,45"
1347,8058,"_Baltika №7 Can 0,45"
1348,8058,"_Baltika №7 Bottle 0,47"
1349,8058,"_Baltika №9 Can 0,45"
1350,8058,"_Don PET 1,42"
1351,8059,"_Tuborg Green Bottle 0,48"
1352,8059,"_Baltika №0 Can 0,45"
1353,8059,"_Baltika №3 Can 0,45"
1354,8059,"_Baltika №7 Can 0,45"
1355,8059,"_Baltika №7 Bottle 0,47"
1356,8059,"_Baltika №9 Can 0,45"
1357,8059,"_Don PET 1,42"
1358,8097,"_Tuborg Green Bottle 0,48"
1359,8097,"_Zatecky Gus Bottle 0,48"
1360,8097,"_Zatecky Gus PET 1,42"
1361,8097,"_Baltika №0 Can 0,45"
1362,8097,"_Baltika №3 Can 0,45"
1363,8097,"_Baltika №7 Can 0,45"
1364,8097,"_Baltika №7 Bottle 0,47"
1365,8097,"_Baltika №9 Can 0,45"
1366,8097,"_Don PET 1,42"
1367,8135,"_Carlsberg Can 0,45"
1368,8135,"_Flash Up Energy PET 0,5"
1369,8135,"_Tuborg Green Bottle 0,48"
1370,8135,"_Zatecky Gus Can 0,45"
1371,8135,"_Zatecky Gus Bottle 0,48"
1372,8135,"_Zatecky Gus PET 1,42"
1373,8135,"_Baltika №0 Can 0,45"
1374,8135,"_Baltika №3 Can 0,45"
1375,8135,"_Baltika №7 Can 0,45"
1376,8135,"_Baltika №7 Bottle 0,47"
1377,8135,"_Baltika №9 Can 0,45"
1378,8135,"_Don PET 1,42"
1379,8143,"_Flash Up Energy PET 0,5"
1380,8143,"_Zatecky Gus PET 1,42"
1381,8143,"_Baltika №0 Can 0,45"
1382,8143,"_Baltika №3 Can 0,45"
1383,8143,"_Baltika №7 Can 0,45"
1384,8143,"_Baltika №7 Bottle 0,47"
1385,8143,"_Baltika №9 Can 0,45"
1386,8143,"_Don PET 1,42"
1387,8168,"_Tuborg Green Bottle 0,48"
1388,8168,"_Baltika №0 Can 0,45"
1389,8168,"_Baltika №3 Can 0,45"
1390,8168,"_Baltika №7 Can 0,45"
1391,8168,"_Baltika №7 Bottle 0,47"
1392,8168,"_Baltika №9 Can 0,45"
1393,8262,"_Tuborg Green Can 0,45"
1394,8262,"_Tuborg Green Bottle 0,48"
1395,8262,"_Baltika №0 Can 0,45"
1396,8262,"_Baltika №3 Can 0,45"
1397,8262,"_Baltika №7 Can 0,45"
1398,8262,"_Baltika №7 Bottle 0,47"
1399,8262,"_Baltika №9 Can 0,45"
1400,8322,"_Tuborg Green Bottle 0,48"
1401,8322,"_Baltika №0 Can 0,45"
1402,8322,"_Baltika №3 Can 0,45"
1403,8322,"_Baltika №7 Can 0,45"
1404,8322,"_Baltika №9 Can 0,45"
1405,8328,"_Carlsberg Can 0,45"
1406,8328,"_Tuborg Green Bottle 0,48"
1407,8328,"_Zatecky Gus Bottle 0,48"
1408,8328,"_Zatecky Gus PET 1,42"
1409,8328,"_Baltika Cooler Bottle 0,47"
1410,8328,"_Baltika №0 Can 0,45"
1411,8328,"_Baltika №3 Can 0,45"
1412,8328,"_Baltika №7 Can 0,45"
1413,8328,"_Baltika №7 Bottle 0,47"
1414,8328,"_Baltika №9 Can 0,45"
1415,8328,"_Don PET 1,42"
1416,8328,"_Firmennoe PET 1,42"
1417,8348,"_Flash Up Energy PET 0,5"
1418,8348,"_Baltika №0 Can 0,45"
1419,8348,"_Baltika №3 Can 0,45"
1420,8348,"_Baltika №7 Can 0,45"
1421,8348,"_Baltika №7 Bottle 0,47"
1422,8348,"_Baltika №9 Can 0,45"
1423,8348,"_Don PET 1,42"
1424,8356,"_Baltika №0 Can 0,45"
1425,8356,"_Baltika №3 Can 0,45"
1426,8356,"_Baltika №7 Can 0,45"
1427,8356,"_Baltika №7 Bottle 0,47"
1428,8356,"_Baltika №9 Can 0,45"
1429,8356,"_Don PET 1,42"
1430,8385,"_Tuborg Green Bottle 0,48"
1431,8385,"_Zatecky Gus Bottle 0,48"
1432,8385,"_Zatecky Gus PET 1,42"
1433,8385,"_Baltika №0 Can 0,45"
1434,8385,"_Baltika №3 Can 0,45"
1435,8385,"_Baltika №7 Can 0,45"
1436,8385,"_Baltika №7 Bottle 0,47"
1437,8385,"_Baltika №9 Can 0,45"
1438,8385,"_Don PET 1,42"
1439,8386,"_Zatecky Gus PET 1,42"
1440,8386,"_Baltika №0 Can 0,45"
1441,8386,"_Baltika №3 Can 0,45"
1442,8386,"_Baltika №7 Can 0,45"
1443,8386,"_Baltika №9 Can 0,45"
1444,8411,"_Carlsberg Can 0,45"
1445,8411,"_Flash Up Energy PET 0,5"
1446,8411,"_Tuborg Green Bottle 0,48"
1447,8411,"_Zatecky Gus Can 0,45"
1448,8411,"_Zatecky Gus Bottle 0,48"
1449,8411,"_Zatecky Gus PET 1,42"
1450,8411,"_Baltika №0 Can 0,45"
1451,8411,"_Baltika №3 Can 0,45"
1452,8411,"_Baltika №7 Can 0,45"
1453,8411,"_Baltika №7 Bottle 0,47"
1454,8411,"_Baltika №9 Can 0,45"
1455,8411,"_Don PET 1,42"
1456,8527,"_Tuborg Green Bottle 0,48"
1457,8527,"_Baltika №0 Can 0,45"
1458,8527,"_Baltika №3 Can 0,45"
1459,8527,"_Baltika №7 Can 0,45"
1460,8527,"_Baltika №7 Bottle 0,47"
1461,8527,"_Baltika №9 Can 0,45"
1462,8569,"_Baltika №0 Can 0,45"
1463,8569,"_Baltika №3 Can 0,45"
1464,8569,"_Baltika №7 Can 0,45"
1465,8569,"_Baltika №9 Can 0,45"
1466,8570,"_Flash Up Energy PET 0,5"
1467,8570,"_Baltika №0 Can 0,45"
1468,8570,"_Baltika №3 Can 0,45"
1469,8570,"_Baltika №7 Can 0,45"
1470,8570,"_Baltika №7 Bottle 0,47"
1471,8570,"_Baltika №9 Can 0,45"
1472,8570,"_Don PET 1,42"
1473,8574,"_Flash Up Energy PET 0,5"
1474,8574,"_Zatecky Gus PET 1,42"
1475,8574,"_Baltika №0 Can 0,45"
1476,8574,"_Baltika №3 Can 0,45"
1477,8574,"_Baltika №7 Can 0,45"
1478,8574,"_Baltika №7 Bottle 0,47"
1479,8574,"_Baltika №9 Can 0,45"
1480,8574,"_Don PET 1,42"
1481,8575,"_Baltika №0 Can 0,45"
1482,8575,"_Baltika №3 Can 0,45"
1483,8575,"_Baltika №7 Can 0,45"
1484,8575,"_Baltika №7 Bottle 0,47"
1485,8575,"_Baltika №9 Can 0,45"
1486,8575,"_Don PET 1,42"
1487,8575,"_Priazovskoye Bottle 0,47"
1488,8576,"_Baltika №0 Can 0,45"
1489,8576,"_Baltika №3 Can 0,45"
1490,8576,"_Baltika №7 Can 0,45"
1491,8576,"_Baltika №7 Bottle 0,47"
1492,8576,"_Baltika №9 Can 0,45"
1493,8577,"_Baltika №3 Can 0,45"
1494,8577,"_Baltika №7 Can 0,45"
1495,8577,"_Baltika №7 Bottle 0,47"
1496,8577,"_Baltika №9 Can 0,45"
1497,8578,"_Carlsberg Can 0,45"
1498,8578,"_Baltika №0 Can 0,45"
1499,8578,"_Baltika №3 Can 0,45"
1500,8578,"_Baltika №7 Can 0,45"
1501,8578,"_Baltika №7 Bottle 0,47"
1502,8578,"_Baltika №9 Can 0,45"
1503,8634,"_Tuborg Green Bottle 0,48"
1504,8634,"_Zatecky Gus PET 1,42"
1505,8634,"_Baltika №0 Can 0,45"
1506,8634,"_Baltika №3 Can 0,45"
1507,8634,"_Baltika №7 Can 0,45"
1508,8634,"_Baltika №7 Bottle 0,47"
1509,8634,"_Baltika №9 Can 0,45"
1510,8634,"_Don PET 1,42"
1511,8647,"_Carlsberg Can 0,45"
1512,8647,"_Tuborg Green Bottle 0,48"
1513,8647,"_Zatecky Gus Can 0,45"
1514,8647,"_Zatecky Gus Bottle 0,48"
1515,8647,"_Zatecky Gus PET 1,42"
1516,8647,"_Baltika №0 Can 0,45"
1517,8647,"_Baltika №3 Can 0,45"
1518,8647,"_Baltika №7 Can 0,45"
1519,8647,"_Baltika №7 Bottle 0,47"
1520,8647,"_Baltika №9 Can 0,45"
1521,8647,"_Don PET 1,42"
1522,8668,"_Baltika №0 Can 0,45"
1523,8668,"_Baltika №3 Can 0,45"
1524,8668,"_Baltika №7 Can 0,45"
1525,8668,"_Baltika №7 Bottle 0,47"
1526,8668,"_Baltika №9 Can 0,45"
1527,8668,"_Don PET 1,42"
1528,8731,"_Baltika №0 Can 0,45"
1529,8731,"_Baltika №3 Can 0,45"
1530,8731,"_Baltika №7 Can 0,45"
1531,8731,"_Baltika №7 Bottle 0,47"
1532,8731,"_Baltika №9 Can 0,45"
1533,8734,"_Tuborg Green Bottle 0,48"
1534,8734,"_Zatecky Gus Bottle 0,48"
1535,8734,"_Zatecky Gus PET 1,42"
1536,8734,"_Baltika №0 Can 0,45"
1537,8734,"_Baltika №3 Can 0,45"
1538,8734,"_Baltika №7 Can 0,45"
1539,8734,"_Baltika №7 Bottle 0,47"
1540,8734,"_Baltika №9 Can 0,45"
1541,8734,"_Don PET 1,42"
1542,8767,"_Baltika №0 Can 0,45"
1543,8767,"_Baltika №3 Can 0,45"
1544,8767,"_Baltika №7 Can 0,45"
1545,8767,"_Baltika №9 Can 0,45"
1546,8792,"_Zatecky Gus PET 1,42"
1547,8792,"_Baltika №0 Can 0,45"
1548,8792,"_Baltika №3 Can 0,45"
1549,8792,"_Baltika №7 Can 0,45"
1550,8792,"_Baltika №7 Bottle 0,47"
1551,8792,"_Baltika №9 Can 0,45"
1552,8793,"_Baltika №0 Can 0,45"
1553,8793,"_Baltika №3 Can 0,45"
1554,8793,"_Baltika №7 Can 0,45"
1555,8793,"_Baltika №9 Can 0,45"
1556,8793,"_Don PET 1,42"
1557,8793,"_Priazovskoye PET 1,42"
1558,8804,"_Zatecky Gus PET 1,42"
1559,8804,"_Baltika №3 Can 0,45"
1560,8804,"_Baltika №7 Can 0,45"
1561,8804,"_Baltika №9 Can 0,45"
1562,8804,"_Don PET 1,42"
1563,8805,"_Baltika №0 Can 0,45"
1564,8805,"_Baltika №3 Can 0,45"
1565,8805,"_Baltika №7 Can 0,45"
1566,8805,"_Baltika №9 Can 0,45"
1567,8809,"_Zatecky Gus Can 0,45"
1568,8809,"_Zatecky Gus PET 1,42"
1569,8809,"_Baltika №0 Can 0,45"
1570,8809,"_Baltika №3 Can 0,45"
1571,8809,"_Baltika №7 Can 0,45"
1572,8809,"_Baltika №7 Bottle 0,47"
1573,8809,"_Baltika №9 Can 0,45"
1574,8809,"_Don PET 1,42"
1575,8834,"_Baltika №3 Can 0,45"
1576,8834,"_Baltika №7 Can 0,45"
1577,8834,"_Baltika №7 Bottle 0,47"
1578,8834,"_Baltika №9 Can 0,45"
1579,8866,"_Baltika №0 Can 0,45"
1580,8866,"_Baltika №3 Can 0,45"
1581,8866,"_Baltika №7 Can 0,45"
1582,8866,"_Baltika №9 Can 0,45"
1583,8879,"_Baltika №0 Can 0,45"
1584,8879,"_Baltika №3 Can 0,45"
1585,8879,"_Baltika №7 Can 0,45"
1586,8879,"_Baltika №9 Can 0,45"
1587,8880,"_Zatecky Gus Bottle 0,48"
1588,8880,"_Zatecky Gus PET 1,42"
1589,8880,"_Baltika №0 Can 0,45"
1590,8880,"_Baltika №3 Can 0,45"
1591,8880,"_Baltika №7 Can 0,45"
1592,8880,"_Baltika №9 Can 0,45"
1593,8882,"_Carlsberg Can 0,45"
1594,8882,"_Flash Up Energy PET 0,5"
1595,8882,"_Baltika №0 Can 0,45"
1596,8882,"_Baltika №3 Can 0,45"
1597,8882,"_Baltika №7 Can 0,45"
1598,8882,"_Baltika №7 Bottle 0,47"
1599,8882,"_Baltika №9 Can 0,45"
1600,8913,"_Tuborg Green Bottle 0,48"
1601,8913,"_Baltika №0 Can 0,45"
1602,8913,"_Baltika №3 Can 0,45"
1603,8913,"_Baltika №7 Can 0,45"
1604,8913,"_Baltika №7 Bottle 0,47"
1605,8913,"_Baltika №9 Can 0,45"
1606,8913,"_Don PET 1,42"
1607,8931,"_Baltika №0 Can 0,45"
1608,8931,"_Baltika №3 Can 0,45"
1609,8931,"_Baltika №7 Can 0,45"
1610,8931,"_Baltika №7 Bottle 0,47"
1611,8931,"_Baltika №9 Can 0,45"
1612,8931,"_Don PET 1,42"
1613,8977,"_Zatecky Gus Can 0,45"
1614,8977,"_Zatecky Gus Bottle 0,48"
1615,8977,"_Zatecky Gus PET 1,42"
1616,8977,"_Baltika №0 Can 0,45"
1617,8977,"_Baltika №3 Can 0,45"
1618,8977,"_Baltika №7 Can 0,45"
1619,8977,"_Baltika №7 Bottle 0,47"
1620,8977,"_Baltika №9 Can 0,45"
1621,8977,"_Don PET 1,42"
1622,9019,"_Baltika №0 Can 0,45"
1623,9019,"_Baltika №3 Can 0,45"
1624,9019,"_Baltika №7 Can 0,45"
1625,9019,"_Baltika №9 Can 0,45"
1626,9041,"_Tuborg Green Bottle 0,48"
1627,9041,"_Zatecky Gus PET 1,42"
1628,9041,"_Baltika №0 Can 0,45"
1629,9041,"_Baltika №3 Can 0,45"
1630,9041,"_Baltika №7 Can 0,45"
1631,9041,"_Baltika №7 Bottle 0,47"
1632,9041,"_Baltika №9 Can 0,45"
1633,9041,"_Don PET 1,42"
1634,9094,"_Tuborg Green Can 0,45"
1635,9094,"_Tuborg Green Bottle 0,48"
1636,9094,"_Zatecky Gus Bottle 0,48"
1637,9094,"_Baltika №0 Can 0,45"
1638,9094,"_Baltika №3 Can 0,45"
1639,9094,"_Baltika №7 Can 0,45"
1640,9094,"_Baltika №7 Bottle 0,47"
1641,9094,"_Baltika №9 Can 0,45"
1642,9094,"_Don PET 1,42"
1643,9140,"_Tuborg Green Bottle 0,48"
1644,9140,"_Zatecky Gus Bottle 0,48"
1645,9140,"_Zatecky Gus PET 1,42"
1646,9140,"_Baltika №0 Can 0,45"
1647,9140,"_Baltika №3 Can 0,45"
1648,9140,"_Baltika №7 Can 0,45"
1649,9140,"_Baltika №7 Bottle 0,47"
1650,9140,"_Baltika №9 Can 0,45"
1651,9140,"_Don PET 1,42"
1652,9161,"_Baltika №0 Can 0,45"
1653,9161,"_Baltika №3 Can 0,45"
1654,9161,"_Baltika №7 Can 0,45"
1655,9161,"_Baltika №7 Bottle 0,47"
1656,9161,"_Baltika №9 Can 0,45"
1657,9161,"_Don PET 1,42"
1658,9265,"_Baltika №0 Can 0,45"
1659,9265,"_Baltika №3 Can 0,45"
1660,9265,"_Baltika №7 Can 0,45"
1661,9265,"_Baltika №9 Can 0,45"
1662,9286,"_Flash Up Energy PET 0,5"
1663,9286,"_Tuborg Green Bottle 0,48"
1664,9286,"_Baltika №0 Can 0,45"
1665,9286,"_Baltika №3 Can 0,45"
1666,9286,"_Baltika №7 Can 0,45"
1667,9286,"_Baltika №9 Can 0,45"
1668,9286,"_Don PET 1,42"
1669,9364,"_Baltika №3 Can 0,45"
1670,9364,"_Baltika №7 Can 0,45"
1671,9364,"_Baltika №7 Bottle 0,47"
1672,9364,"_Baltika №9 Can 0,45"
1673,9396,"_Tuborg Green Bottle 0,48"
1674,9396,"_Zatecky Gus Can 0,45"
1675,9396,"_Baltika №0 Can 0,45"
1676,9396,"_Baltika №3 Can 0,45"
1677,9396,"_Baltika №7 Can 0,45"
1678,9396,"_Baltika №7 Bottle 0,47"
1679,9396,"_Baltika №9 Can 0,45"
1680,9443,"_Tuborg Green Bottle 0,48"
1681,9443,"_Baltika №0 Can 0,45"
1682,9443,"_Baltika №3 Can 0,45"
1683,9443,"_Baltika №7 Can 0,45"
1684,9443,"_Baltika №7 Bottle 0,47"
1685,9443,"_Baltika №9 Can 0,45"
1686,9443,"_Don PET 1,42"
1687,9450,"_Baltika №0 Can 0,45"
1688,9450,"_Baltika №3 Can 0,45"
1689,9450,"_Baltika №7 Can 0,45"
1690,9450,"_Baltika №9 Can 0,45"
1691,9450,"_Don PET 1,42"
1692,9451,"_Tuborg Green Bottle 0,48"
1693,9451,"_Baltika №3 Can 0,45"
1694,9451,"_Baltika №7 Can 0,45"
1695,9451,"_Baltika №9 Can 0,45"
1696,9900,"_Carlsberg Can 0,45"
1697,9900,"_Tuborg Green Bottle 0,48"
1698,9900,"_Zatecky Gus Can 0,45"
1699,9900,"_Zatecky Gus Bottle 0,48"
1700,9900,"_Baltika №0 Can 0,45"
1701,9900,"_Baltika №3 Can 0,45"
1702,9900,"_Baltika №7 Can 0,45"
1703,9900,"_Baltika №7 Bottle 0,47"
1704,9900,"_Baltika №9 Can 0,45"
1705,9900,"_Don PET 1,42"
1706,9901,"_Baltika №0 Can 0,45"
1707,9901,"_Baltika №3 Can 0,45"
1708,9901,"_Baltika №7 Can 0,45"
1709,9901,"_Baltika №7 Bottle 0,47"
1710,9901,"_Baltika №9 Can 0,45"
1711,9902,"_Baltika №0 Can 0,45"
1712,9902,"_Baltika №3 Can 0,45"
1713,9902,"_Baltika №7 Can 0,45"
1714,9902,"_Don PET 1,42"
1715,9903,"_Tuborg Green Can 0,45"
1716,9903,"_Zatecky Gus Can 0,45"
1717,9903,"_Baltika №0 Can 0,45"
1718,9903,"_Baltika №3 Can 0,45"
1719,9903,"_Baltika №7 Can 0,45"
1720,9903,"_Baltika №7 Bottle 0,47"
1721,9903,"_Baltika №9 Can 0,45"
1722,9905,"_Carlsberg Can 0,45"
1723,9905,"_Flash Up Energy PET 0,5"
1724,9905,"_Tuborg Green Bottle 0,48"
1725,9905,"_Baltika №0 Can 0,45"
1726,9905,"_Baltika №3 Can 0,45"
1727,9905,"_Baltika №7 Can 0,45"
1728,9905,"_Baltika №7 Bottle 0,47"
1729,9905,"_Baltika №9 Can 0,45"
1730,9905,"_Don PET 1,42"
1731,9906,"_Baltika №0 Can 0,45"
1732,9906,"_Baltika №3 Can 0,45"
1733,9906,"_Baltika №7 Can 0,45"
1734,9906,"_Baltika №7 Bottle 0,47"
1735,9907,"_Flash Up Energy PET 0,5"
1736,9907,"_Tuborg Green Can 0,45"
1737,9907,"_Tuborg Green Bottle 0,48"
1738,9907,"_Zatecky Gus Can 0,45"
1739,9907,"_Zatecky Gus Bottle 0,48"
1740,9907,"_Zatecky Gus PET 1,42"
1741,9907,"_Baltika №0 Can 0,45"
1742,9907,"_Baltika №3 Can 0,45"
1743,9907,"_Baltika №7 Can 0,45"
1744,9907,"_Baltika №7 Bottle 0,47"
1745,9907,"_Baltika №9 Can 0,45"
1746,9907,"_Don PET 1,42"
1747,9908,"_Carlsberg Can 0,45"
1748,9908,"_Tuborg Green Bottle 0,48"
1749,9908,"_Baltika №0 Can 0,45"
1750,9908,"_Baltika №3 Can 0,45"
1751,9908,"_Baltika №7 Can 0,45"
1752,9908,"_Baltika №7 Bottle 0,47"
1753,9908,"_Baltika №9 Can 0,45"
1754,9909,"_Baltika №3 Can 0,45"
1755,9909,"_Baltika №7 Can 0,45"
1756,9909,"_Baltika №7 Bottle 0,47"
1757,9909,"_Baltika №9 Can 0,45"
1758,9910,"_Tuborg Green Bottle 0,48"
1759,9910,"_Baltika №0 Can 0,45"
1760,9910,"_Baltika №3 Can 0,45"
1761,9910,"_Baltika №7 Can 0,45"
1762,9910,"_Baltika №9 Can 0,45"
1763,9912,"_Carlsberg Can 0,45"
1764,9912,"_Flash Up Energy PET 0,5"
1765,9912,"_Tuborg Green Bottle 0,48"
1766,9912,"_Zatecky Gus Bottle 0,48"
1767,9912,"_Zatecky Gus PET 1,42"
1768,9912,"_Baltika №0 Can 0,45"
1769,9912,"_Baltika №3 Can 0,45"
1770,9912,"_Baltika №7 Can 0,45"
1771,9912,"_Baltika №7 Bottle 0,47"
1772,9912,"_Baltika №9 Can 0,45"
1773,9912,"_Don PET 1,42"
1774,9919,"_Baltika №0 Can 0,45"
1775,9919,"_Baltika №3 Can 0,45"
1776,9919,"_Baltika №7 Can 0,45"
1777,9919,"_Baltika №9 Can 0,45"
1778,9920,"_Carlsberg Can 0,45"
1779,9920,"_Flash Up Energy PET 0,5"
1780,9920,"_Tuborg Green Can 0,45"
1781,9920,"_Tuborg Green Bottle 0,48"
1782,9920,"_Zatecky Gus Can 0,45"
1783,9920,"_Baltika №0 Can 0,45"
1784,9920,"_Baltika №3 Can 0,45"
1785,9920,"_Baltika №7 Can 0,45"
1786,9920,"_Baltika №7 Bottle 0,47"
1787,9920,"_Baltika №9 Can 0,45"
1788,9920,"_Don PET 1,42"
1789,9922,"_Baltika №0 Can 0,45"
1790,9922,"_Baltika №3 Can 0,45"
1791,9922,"_Baltika №7 Can 0,45"
1792,9922,"_Baltika №7 Bottle 0,47"
1793,9922,"_Baltika №9 Can 0,45"
1794,9923,"_Baltika №0 Can 0,45"
1795,9923,"_Baltika №3 Can 0,45"
1796,9923,"_Baltika №7 Can 0,45"
1797,9923,"_Baltika №9 Can 0,45"
1798,9927,"_Tuborg Green Bottle 0,48"
1799,9927,"_Zatecky Gus Bottle 0,48"
1800,9927,"_Baltika №0 Can 0,45"
1801,9927,"_Baltika №3 Can 0,45"
1802,9927,"_Baltika №7 Can 0,45"
1803,9927,"_Baltika №7 Bottle 0,47"
1804,9927,"_Baltika №9 Can 0,45"
1805,9930,"_Flash Up Energy PET 0,5"
1806,9930,"_Baltika №0 Can 0,45"
1807,9930,"_Baltika №3 Can 0,45"
1808,9930,"_Baltika №7 Can 0,45"
1809,9930,"_Baltika №9 Can 0,45"
1810,9930,"_Don PET 1,42"
1811,9931,"_Carlsberg Can 0,45"
1812,9931,"_Tuborg Green Bottle 0,48"
1813,9931,"_Zatecky Gus Can 0,45"
1814,9931,"_Baltika №0 Can 0,45"
1815,9931,"_Baltika №3 Can 0,45"
1816,9931,"_Baltika №7 Can 0,45"
1817,9931,"_Baltika №7 Bottle 0,47"
1818,9931,"_Baltika №9 Can 0,45"
1819,9931,"_Don PET 1,42"
1820,9935,"_Tuborg Green Bottle 0,48"
1821,9935,"_Baltika №0 Can 0,45"
1822,9935,"_Baltika №3 Can 0,45"
1823,9935,"_Baltika №7 Can 0,45"
1824,9935,"_Baltika №7 Bottle 0,47"
1825,9935,"_Baltika №9 Can 0,45"
1826,9936,"_Baltika №0 Can 0,45"
1827,9936,"_Baltika №3 Can 0,45"
1828,9936,"_Baltika №7 Can 0,45"
1829,9936,"_Baltika №7 Bottle 0,47"
1830,9936,"_Baltika №9 Can 0,45"
1836,9938,"_Carlsberg Can 0,45"
1837,9938,"_Flash Up Energy PET 0,5"
1838,9938,"_Tuborg Green Can 0,45"
1839,9938,"_Tuborg Green Bottle 0,48"
1840,9938,"_Zatecky Gus PET 1,42"
1841,9938,"_Baltika №0 Can 0,45"
1842,9938,"_Baltika №3 Can 0,45"
1843,9938,"_Baltika №7 Can 0,45"
1844,9938,"_Baltika №7 Bottle 0,47"
1845,9938,"_Baltika №9 Can 0,45"
1846,9938,"_Don PET 1,42"
1852,9941,"_Carlsberg Can 0,45"
1853,9941,"_Flash Up Energy PET 0,5"
1854,9941,"_Tuborg Green Can 0,45"
1855,9941,"_Tuborg Green Bottle 0,48"
1856,9941,"_Zatecky Gus Can 0,45"
1857,9941,"_Zatecky Gus PET 1,42"
1858,9941,"_Baltika №0 Can 0,45"
1859,9941,"_Baltika №3 Can 0,45"
1860,9941,"_Baltika №7 Can 0,45"
1861,9941,"_Baltika №9 Can 0,45"
1862,9941,"_Don PET 1,42"
1863,9942,"_Baltika №0 Can 0,45"
1864,9942,"_Baltika №3 Can 0,45"
1865,9942,"_Baltika №7 Can 0,45"
1866,9942,"_Baltika №7 Bottle 0,47"
1867,9942,"_Baltika №9 Can 0,45"
1868,9942,"_Don PET 1,42"
1869,9943,"_Zatecky Gus Bottle 0,48"
1870,9943,"_Baltika №0 Can 0,45"
1871,9943,"_Baltika №3 Can 0,45"
1872,9943,"_Baltika №7 Can 0,45"
1873,9943,"_Baltika №7 Bottle 0,47"
1874,9943,"_Baltika №9 Can 0,45"
1875,9943,"_Don PET 1,42"
1876,9947,"_Tuborg Green Bottle 0,48"
1877,9947,"_Zatecky Gus Can 0,45"
1878,9947,"_Zatecky Gus Bottle 0,48"
1879,9947,"_Zatecky Gus PET 1,42"
1880,9947,"_Baltika №0 Can 0,45"
1881,9947,"_Baltika №3 Can 0,45"
1882,9947,"_Baltika №7 Can 0,45"
1883,9947,"_Baltika №7 Bottle 0,47"
1884,9947,"_Baltika №9 Can 0,45"
1885,9947,"_Don PET 1,42"
1886,9948,"_Baltika №0 Can 0,45"
1887,9948,"_Baltika №3 Can 0,45"
1888,9948,"_Baltika №7 Can 0,45"
1889,9948,"_Baltika №9 Can 0,45"
1890,9949,"_Baltika №0 Can 0,45"
1891,9949,"_Baltika №3 Can 0,45"
1892,9949,"_Baltika №7 Can 0,45"
1893,9949,"_Baltika №7 Bottle 0,47"
1894,9949,"_Baltika №9 Can 0,45"
1895,9949,"_Don PET 1,42"
1902,D123,"_Baltika №7 Can 0,45"
1903,D123,"_Baltika №7 Bottle 0,47"
1904,D123,"_Baltika №9 Can 0,45"
1911,L119,"_Carlsberg Can 0,45"
1912,L119,"_Baltika №0 Can 0,45"
1913,L119,"_Baltika №3 Can 0,45"
1914,L119,"_Baltika №7 Can 0,45"
1915,L119,"_Baltika №7 Bottle 0,47"
1916,L119,"_Baltika №9 Can 0,45"
1917,L172,"_Carlsberg Can 0,45"
1918,L172,"_Tuborg Green Bottle 0,48"
1919,L172,"_Baltika №0 Can 0,45"
1920,L172,"_Baltika №3 Can 0,45"
1921,L172,"_Baltika №7 Can 0,45"
1922,L172,"_Baltika №7 Bottle 0,47"
1923,L172,"_Baltika №9 Can 0,45"
1924,L172,"_Don PET 1,42"
1925,L181,"_Baltika №0 Can 0,45"
1926,L181,"_Baltika №3 Can 0,45"
1927,L181,"_Baltika №7 Can 0,45"
1928,L181,"_Baltika №7 Bottle 0,47"
1929,L181,"_Baltika №9 Can 0,45"
1930,L237,"_Carlsberg Can 0,45"
1931,L237,"_Baltika №0 Can 0,45"
1932,L237,"_Baltika №3 Can 0,45"
1933,L237,"_Baltika №7 Can 0,45"
1934,L237,"_Baltika №7 Bottle 0,47"
1935,L237,"_Baltika №9 Can 0,45"
1936,L237,"_Don PET 1,42"
1937,L256,"_Carlsberg Can 0,45"
1938,L256,"_Baltika №0 Can 0,45"
1939,L256,"_Baltika №3 Can 0,45"
1940,L256,"_Baltika №7 Can 0,45"
1941,L256,"_Baltika №9 Can 0,45"
1942,L256,"_Don PET 1,42"
1943,L257,"_Tuborg Green Bottle 0,48"
1944,L257,"_Zatecky Gus Can 0,45"
1945,L257,"_Baltika №0 Can 0,45"
1946,L257,"_Baltika №3 Can 0,45"
1947,L257,"_Baltika №7 Can 0,45"
1948,L257,"_Baltika №9 Can 0,45"
1949,L322,"_Carlsberg Can 0,45"
1950,L322,"_Zatecky Gus Can 0,45"
1951,L322,"_Baltika №0 Can 0,45"
1952,L322,"_Baltika №3 Can 0,45"
1953,L322,"_Baltika №7 Can 0,45"
1954,L322,"_Baltika №7 Bottle 0,47"
1955,L322,"_Baltika №9 Can 0,45"
1956,L322,"_Don PET 1,42"
1957,L371,"_Baltika №3 Can 0,45"
1958,L371,"_Baltika №7 Can 0,45"
1959,L371,"_Baltika №9 Can 0,45"
1960,L371,"_Don PET 1,42"
1961,L408,"_Baltika №0 Can 0,45"
1962,L408,"_Baltika №3 Can 0,45"
1963,L408,"_Baltika №7 Can 0,45"
1964,L408,"_Baltika №9 Can 0,45"
1965,L458,"_Carlsberg Can 0,45"
1966,L458,"_Baltika №0 Can 0,45"
1967,L458,"_Baltika №3 Can 0,45"
1968,L458,"_Baltika №7 Can 0,45"
1969,L458,"_Baltika №9 Can 0,45"
1970,L458,"_Don PET 1,42"
1971,L476,"_Carlsberg Can 0,45"
1972,L476,"_Baltika №0 Can 0,45"
1973,L476,"_Baltika №3 Can 0,45"
1974,L476,"_Baltika №7 Can 0,45"
1975,L476,"_Baltika №9 Can 0,45"
1976,L485,"_Baltika №0 Can 0,45"
1977,L485,"_Baltika №3 Can 0,45"
1978,L485,"_Baltika №7 Can 0,45"
1979,L485,"_Baltika №9 Can 0,45"
1980,L561,"_Carlsberg Can 0,45"
1981,L561,"_Zatecky Gus Can 0,45"
1982,L561,"_Baltika №0 Can 0,45"
1983,L561,"_Baltika №3 Can 0,45"
1984,L561,"_Baltika №7 Can 0,45"
1985,L561,"_Baltika №9 Can 0,45"
1986,L638,"_Carlsberg Can 0,45"
1987,L638,"_Baltika №0 Can 0,45"
1988,L638,"_Baltika №3 Can 0,45"
1989,L638,"_Baltika №7 Can 0,45"
1990,L638,"_Baltika №9 Can 0,45"
1991,L640,"_Carlsberg Can 0,45"
1992,L640,"_Baltika №0 Can 0,45"
1993,L640,"_Baltika №3 Can 0,45"
1994,L640,"_Baltika №7 Can 0,45"
1995,L640,"_Baltika №9 Can 0,45"
1996,L642,"_Carlsberg Can 0,45"
1997,L642,"_Baltika №3 Can 0,45"
1998,L642,"_Baltika №7 Can 0,45"
1999,L642,"_Baltika №9 Can 0,45"
2000,L647,"_Carlsberg Can 0,45"
2001,L647,"_Flash Up Energy PET 0,5"
2002,L647,"_Baltika №0 Can 0,45"
2003,L647,"_Baltika №3 Can 0,45"
2004,L647,"_Baltika №7 Can 0,45"
2005,L647,"_Baltika №9 Can 0,45"
2006,L648,"_Carlsberg Can 0,45"
2007,L648,"_Baltika №0 Can 0,45"
2008,L648,"_Baltika №3 Can 0,45"
2009,L648,"_Baltika №7 Can 0,45"
2010,L648,"_Baltika №9 Can 0,45"
2011,L865,"_Baltika №0 Can 0,45"
2012,L865,"_Baltika №3 Can 0,45"
2013,L865,"_Baltika №7 Can 0,45"
2014,L865,"_Baltika №9 Can 0,45"
2015,L867,"_Carlsberg Can 0,45"
2016,L867,"_Baltika №0 Can 0,45"
2017,L867,"_Baltika №3 Can 0,45"
2018,L867,"_Baltika №7 Can 0,45"
2019,L867,"_Baltika №9 Can 0,45"
2020,L887,"_Carlsberg Can 0,45"
2021,L887,"_Baltika №0 Can 0,45"
2022,L887,"_Baltika №3 Can 0,45"
2023,L887,"_Baltika №7 Can 0,45"
2024,L887,"_Baltika №9 Can 0,45"
2025,L918,"_Carlsberg Can 0,45"
2026,L918,"_Baltika №0 Can 0,45"
2027,L918,"_Baltika №3 Can 0,45"
2028,L918,"_Baltika №7 Can 0,45"
2029,L918,"_Baltika №9 Can 0,45"
2030,L927,"_Baltika №0 Can 0,45"
2031,L927,"_Baltika №3 Can 0,45"
2032,L927,"_Baltika №7 Can 0,45"
2033,L927,"_Baltika №9 Can 0,45"
2034,L939,"_Carlsberg Can 0,45"
2035,L939,"_Baltika №3 Can 0,45"
2036,L939,"_Baltika №7 Can 0,45"
2037,L939,"_Baltika №9 Can 0,45"
2038,L973,"_Carlsberg Can 0,45"
2039,L973,"_Baltika №0 Can 0,45"
2040,L973,"_Baltika №3 Can 0,45"
2041,L973,"_Baltika №7 Can 0,45"
2042,L973,"_Baltika №9 Can 0,45"
2043,L973,"_Don PET 1,42"
2044,Q008,"_Carlsberg Can 0,45"
2045,Q008,"_Baltika №0 Can 0,45"
2046,Q008,"_Baltika №3 Can 0,45"
2047,Q008,"_Baltika №7 Can 0,45"
2048,Q008,"_Baltika №9 Can 0,45"
2049,Q053,"_Carlsberg Can 0,45"
2050,Q053,"_Baltika №0 Can 0,45"
2051,Q053,"_Baltika №3 Can 0,45"
2052,Q053,"_Baltika №7 Can 0,45"
2053,Q053,"_Baltika №9 Can 0,45"
2054,Q073,"_Carlsberg Can 0,45"
2055,Q073,"_Baltika №0 Can 0,45"
2056,Q073,"_Baltika №3 Can 0,45"
2057,Q073,"_Baltika №7 Can 0,45"
2058,Q073,"_Baltika №9 Can 0,45"
2059,Q096,"_Carlsberg Can 0,45"
2060,Q096,"_Baltika №0 Can 0,45"
2061,Q096,"_Baltika №3 Can 0,45"
2062,Q096,"_Baltika №7 Can 0,45"
2063,Q096,"_Baltika №9 Can 0,45"
